link,product_name,keywords,province,star_review,amount_rating,amount_sold,product_list,original_price,discount_price,per_discount,store,recom_or_official,marketplace,itemId,shopId
https://www.lazada.co.th/products/eggyday-100g-i5219058197.html,Eggyday ‡∏Ç‡πâ‡∏≤‡∏ß‡πÑ‡∏Ç‡πà‡∏Ç‡∏≤‡∏ß ‡πÄ‡∏™‡πâ‡∏ô‡πÑ‡∏Ç‡πà‡∏Ç‡∏≤‡∏ß ‡πÑ‡∏£‡πâ‡πÅ‡∏õ‡πâ‡∏á ‡πÅ‡∏Ñ‡∏•‡πÄ‡∏ã‡∏µ‡∏¢‡∏°‡∏™‡∏π‡∏á ‡∏Ñ‡∏µ‡πÇ‡∏ï‡∏ó‡∏≤‡∏ô‡πÑ‡∏î‡πâ ‡∏Ç‡∏ô‡∏≤‡∏î 100g.,"‡πÄ‡∏™‡πâ‡∏ô‡πÑ‡∏Ç‡πà‡∏Ç‡∏≤‡∏ß, ‡∏Ç‡πâ‡∏≤‡∏ß‡πÑ‡∏Ç‡πà‡∏Ç‡∏≤‡∏ß",‡∏Å‡∏£‡∏∏‡∏á‡πÄ‡∏ó‡∏û‡∏°‡∏´‡∏≤‡∏ô‡∏Ñ‡∏£,5.0,5,59 ‡∏ä‡∏¥‡πâ‡∏ô,"‡πÄ‡∏™‡πâ‡∏ô‡∏£‡∏≤‡πÄ‡∏°‡∏ô‡πÑ‡∏Ç‡πà‡∏Ç‡∏≤‡∏ß, ‡πÄ‡∏™‡πâ‡∏ô‡∏´‡∏°‡∏µ‡πà ‡πÑ‡∏Ç‡πà‡∏Ç‡∏≤‡∏ß, ‡∏Ç‡πâ‡∏≤‡∏ß‡πÑ‡∏Ç‡πà‡∏Ç‡∏≤‡∏ß",69,69,,BeautyParadise,,lazada,5219058197,100247091240
https://www.lazada.co.th/products/keto-i3112450969.html,‡πÄ‡∏™‡πâ‡∏ô‡∏´‡∏°‡∏µ‡πà‡πÑ‡∏Ç‡πà‡∏Ç‡∏≤‡∏ß ‡∏Ñ‡∏µ‡πÇ‡∏ï keto,‡πÄ‡∏™‡πâ‡∏ô‡∏´‡∏°‡∏µ‡πà‡πÑ‡∏Ç‡πà‡∏Ç‡∏≤‡∏ß,‡∏¢‡∏∞‡∏•‡∏≤,5.0,15,144 ‡∏ä‡∏¥‡πâ‡∏ô,,79,79,,Thank you keto,,lazada,3112450969,100139116
https://www.lazada.co.th/products/10-eggyday-keto-100-3-i4947185332.html,‡πÅ‡∏û‡∏Ñ 10 ‡∏ã‡∏≠‡∏á eggyday ‡πÄ‡∏™‡πâ‡∏ô‡πÇ‡∏õ‡∏£‡∏ï‡∏µ‡∏ô‡πÑ‡∏Ç‡πà‡∏Ç‡∏≤‡∏ß ‡πÇ‡∏õ‡∏£‡∏ï‡∏µ‡∏ô‡∏™‡∏π‡∏á ‡∏≠‡∏£‡πà‡∏≠‡∏¢ ‡πÑ‡∏°‡πà‡∏Ñ‡∏≤‡∏ß ‡πÑ‡∏£‡πâ‡πÅ‡∏õ‡πâ‡∏á Keto ‡∏û‡∏£‡πâ‡∏≠‡∏°‡∏ó‡∏≤‡∏ô 100 ‡∏Å‡∏£‡∏±‡∏° ‡πÅ‡∏ö‡∏ö‡πÄ‡∏™‡πâ‡∏ô‡∏´‡∏°‡∏µ‡πà‡πÅ‡∏•‡∏∞‡πÄ‡∏™‡πâ‡∏ô‡∏£‡∏≤‡πÄ‡∏°‡∏ô ‡πÄ‡∏ó‡∏µ‡∏¢‡∏ö‡πÄ‡∏ó‡πà‡∏≤‡πÑ‡∏Ç‡πà‡∏Ç‡∏≤‡∏ß 3 ‡∏ü‡∏≠‡∏á ‡πÄ‡∏û‡∏∑‡πà‡∏≠‡∏™‡∏∏‡∏Ç‡∏†‡∏≤‡∏û,‡πÇ‡∏õ‡∏£‡∏ï‡∏µ‡∏ô‡πÑ‡∏Ç‡πà‡∏Ç‡∏≤‡∏ß,‡∏Å‡∏£‡∏∏‡∏á‡πÄ‡∏ó‡∏û‡∏°‡∏´‡∏≤‡∏ô‡∏Ñ‡∏£,5.0,9,19 ‡∏ä‡∏¥‡πâ‡∏ô,"‡∏£‡∏≤‡πÄ‡∏°‡∏ô‡∏•‡πâ‡∏ß‡∏ô 10 ‡∏ã‡∏≠‡∏á, ‡πÄ‡∏™‡πâ‡∏ô‡∏´‡∏°‡∏µ‡πà‡∏•‡πâ‡∏ß‡∏ô 10 ‡∏ã‡∏≠‡∏á, ‡∏Ñ‡∏•‡∏∞‡πÄ‡∏™‡πâ‡∏ô‡∏≠‡∏¢‡πà‡∏≤‡∏á‡∏•‡∏∞‡∏Ñ‡∏£‡∏∂‡πà‡∏á",790,790,,Eggyday Store,,lazada,4947185332,100195518243
https://www.lazada.co.th/products/eggyday-100g-65a-i4832744922.html,Eggyday ‡πÄ‡∏™‡πâ‡∏ô‡∏´‡∏°‡∏µ‡πà‡πÑ‡∏Ç‡πà‡∏Ç‡∏≤‡∏ß 100g ‡∏û‡∏£‡πâ‡∏≠‡∏°‡∏ó‡∏≤‡∏ô (65A),‡πÄ‡∏™‡πâ‡∏ô‡∏´‡∏°‡∏µ‡πà‡πÑ‡∏Ç‡πà‡∏Ç‡∏≤‡∏ß,‡∏õ‡∏ó‡∏∏‡∏°‡∏ò‡∏≤‡∏ô‡∏µ,4.966666666666667,60,335 ‡∏ä‡∏¥‡πâ‡∏ô,,79,65,18%,Healthy Shop ‡∏™‡∏¥‡∏ô‡∏Ñ‡πâ‡∏≤‡∏™‡∏∏‡∏Ç‡∏†‡∏≤‡∏û ‡∏Ñ‡∏£‡∏ö‡∏ß‡∏á‡∏à‡∏£,mall,lazada,4832744922,100219674264
https://www.lazada.co.th/products/500-i4744093999.html,‡πÄ‡∏™‡πâ‡∏ô‡πÑ‡∏Ç‡πà‡∏Ç‡∏≤‡∏ß (‡πÄ‡∏™‡πâ‡∏ô‡∏´‡∏°‡∏µ‡πà) 500‡∏Å‡∏£‡∏±‡∏°,‡πÄ‡∏™‡πâ‡∏ô‡πÑ‡∏Ç‡πà‡∏Ç‡∏≤‡∏ß,‡πÄ‡∏ä‡∏µ‡∏¢‡∏á‡πÉ‡∏´‡∏°‡πà,4.5,2,5 ‡∏ä‡∏¥‡πâ‡∏ô,,225,225,,Rainny Keto002,,lazada,4744093999,100429872942
https://www.lazada.co.th/products/eggyday-100g-3-i4440194645.html,Eggyday ‡πÄ‡∏™‡πâ‡∏ô‡∏£‡∏≤‡πÄ‡∏°‡∏ô‡πÇ‡∏õ‡∏£‡∏ï‡∏µ‡∏ô‡πÑ‡∏Ç‡πà‡∏Ç‡∏≤‡∏ß 100g ‡∏à‡∏≥‡∏ô‡∏ß‡∏ô 3 ‡∏ã‡∏≠‡∏á,‡πÇ‡∏õ‡∏£‡∏ï‡∏µ‡∏ô‡πÑ‡∏Ç‡πà‡∏Ç‡∏≤‡∏ß,‡∏™‡∏°‡∏∏‡∏ó‡∏£‡∏õ‡∏£‡∏≤‡∏Å‡∏≤‡∏£,4.972972972972973,37,133 ‡∏ä‡∏¥‡πâ‡∏ô,,237,199,16%,Happyshoppingofficial,,lazada,4440194645,100183137045
https://www.lazada.co.th/products/eggyday-100-i4968677997.html,Eggyday ‡πÄ‡∏™‡πâ‡∏ô‡πÇ‡∏õ‡∏£‡∏ï‡∏µ‡∏ô‡πÑ‡∏Ç‡πà‡∏Ç‡∏≤‡∏ß ‡πÄ‡∏™‡πâ‡∏ô‡πÑ‡∏Ç‡πà‡∏Ç‡∏≤‡∏ß‡πÑ‡∏£‡πâ‡πÅ‡∏õ‡πâ‡∏á 100‡∏Å‡∏£‡∏±‡∏° ‡πÅ‡∏ö‡∏ö‡πÄ‡∏™‡πâ‡∏ô‡∏´‡∏°‡∏µ‡πà‡πÅ‡∏•‡∏∞‡πÄ‡∏™‡πâ‡∏ô‡∏£‡∏≤‡πÄ‡∏°‡∏ô ‡πÑ‡∏°‡πà‡∏°‡∏µ‡πÅ‡∏õ‡πâ‡∏á ‡πÑ‡∏°‡πà‡∏°‡∏µ‡∏ô‡πâ‡∏≥‡∏ï‡∏≤‡∏• ‡πÄ‡∏™‡πâ‡∏ô‡∏Ñ‡∏µ‡πÇ‡∏ï ‡πÇ‡∏õ‡∏£‡∏ï‡∏µ‡∏ô‡∏™‡∏π‡∏á ‡∏Ñ‡∏•‡∏µ‡∏ô ‡∏Ñ‡∏µ‡πÇ‡∏ï ‡πÄ‡∏û‡∏∑‡πà‡∏≠‡∏™‡∏∏‡∏Ç‡∏†‡∏≤‡∏û,"‡πÄ‡∏™‡πâ‡∏ô‡πÑ‡∏Ç‡πà‡∏Ç‡∏≤‡∏ß, ‡πÇ‡∏õ‡∏£‡∏ï‡∏µ‡∏ô‡πÑ‡∏Ç‡πà‡∏Ç‡∏≤‡∏ß",‡∏Å‡∏£‡∏∏‡∏á‡πÄ‡∏ó‡∏û‡∏°‡∏´‡∏≤‡∏ô‡∏Ñ‡∏£,4.9298245614035086,114,621 ‡∏ä‡∏¥‡πâ‡∏ô,"‡πÄ‡∏™‡πâ‡∏ô‡∏´‡∏°‡∏µ‡πà, ‡πÄ‡∏™‡πâ‡∏ô‡∏£‡∏≤‡πÄ‡∏°‡∏ô, ‡∏Ç‡πâ‡∏≤‡∏ß‡πÑ‡∏Ç‡πà‡∏Ç‡∏≤‡∏ß",89,69,22%,Webspt,mall,lazada,4968677997,1000193774
https://www.lazada.co.th/products/-i3112542278.html,‡πÄ‡∏™‡πâ‡∏ô‡πÑ‡∏Ç‡πà‡∏Ç‡∏≤‡∏ß ‡πÄ‡∏™‡πâ‡∏ô‡∏≠‡∏∏‡∏î‡πâ‡∏á ‡∏Ñ‡∏µ‡πÇ‡∏ï,‡πÄ‡∏™‡πâ‡∏ô‡πÑ‡∏Ç‡πà‡∏Ç‡∏≤‡∏ß,‡∏¢‡∏∞‡∏•‡∏≤,5.0,15,124 ‡∏ä‡∏¥‡πâ‡∏ô,,75,75,,Thank you keto,,lazada,3112542278,100139116
https://www.lazada.co.th/products/keto-white-egg-noodle-i4774018379.html,‡πÄ‡∏™‡πâ‡∏ô‡πÑ‡∏Ç‡πà‡∏Ç‡∏≤‡∏ß ‡πÇ‡∏õ‡∏£‡∏ï‡∏µ‡∏ô‡∏™‡∏π‡∏á ‡πÑ‡∏£‡πâ‡πÅ‡∏õ‡πâ‡∏á ‡πÑ‡∏£‡πâ‡πÑ‡∏Ç‡∏°‡∏±‡∏ô ‡πÄ‡∏û‡∏∑‡πà‡∏≠‡∏™‡∏∏‡∏Ç‡∏†‡∏≤‡∏û ‡∏Ñ‡∏µ‡πÇ‡∏ï Keto White Egg Noodle,‡πÄ‡∏™‡πâ‡∏ô‡πÑ‡∏Ç‡πà‡∏Ç‡∏≤‡∏ß,‡∏Å‡∏£‡∏∏‡∏á‡πÄ‡∏ó‡∏û‡∏°‡∏´‡∏≤‡∏ô‡∏Ñ‡∏£,4.993288590604027,149,918 ‡∏ä‡∏¥‡πâ‡∏ô,"‡πÄ‡∏™‡πâ‡∏ô‡πÑ‡∏Ç‡πà‡∏Ç‡∏≤‡∏ß, ‡πÄ‡∏™‡πâ‡∏ô‡∏´‡∏°‡∏µ‡πà‡πÑ‡∏Ç‡πà‡∏Ç‡∏≤‡∏ß, ‡πÄ‡∏™‡πâ‡∏ô‡∏™‡∏õ‡∏≤‡πÄ‡∏Å‡πá‡∏ï‡∏ï‡∏µ‡πâ, ‡∏Ç‡πâ‡∏≤‡∏ß‡πÑ‡∏Ç‡πà‡∏°‡∏∏‡∏Å",69,69,,HidailyThailand,mall,lazada,4774018379,100192134310
https://www.lazada.co.th/products/nimnim-keto-100g-i2618172956.html,Nimnim ‡πÄ‡∏™‡πâ‡∏ô‡∏´‡∏°‡∏µ‡πà‡πÑ‡∏Ç‡πà‡∏Ç‡∏≤‡∏ß KETO (‡∏ô‡πâ‡∏≥‡∏´‡∏ô‡∏±‡∏Å‡πÄ‡∏™‡πâ‡∏ô 100g.) ‡πÄ‡∏™‡πâ‡∏ô‡∏û‡∏£‡πâ‡∏≠‡∏°‡∏ó‡∏≤‡∏ô,‡πÄ‡∏™‡πâ‡∏ô‡∏´‡∏°‡∏µ‡πà‡πÑ‡∏Ç‡πà‡∏Ç‡∏≤‡∏ß,‡πÄ‡∏ä‡∏µ‡∏¢‡∏á‡πÉ‡∏´‡∏°‡πà,5.0,19,312 ‡∏ä‡∏¥‡πâ‡∏ô,,79,73,8%,greenpea organic shop,,lazada,2618172956,100006971
https://www.lazada.co.th/products/3-eggyday-100-g-keto-100-3-i4825243137.html,(‡πÅ‡∏û‡∏Ñ 3 ‡∏ã‡∏≠‡∏á) eggyday ‡πÄ‡∏™‡πâ‡∏ô‡πÇ‡∏õ‡∏£‡∏ï‡∏µ‡∏ô‡πÑ‡∏Ç‡πà‡∏Ç‡∏≤‡∏ß 100 g ‡πÇ‡∏õ‡∏£‡∏ï‡∏µ‡∏ô‡∏™‡∏π‡∏á ‡∏≠‡∏£‡πà‡∏≠‡∏¢ ‡πÑ‡∏°‡πà‡∏Ñ‡∏≤‡∏ß ‡πÑ‡∏£‡πâ‡πÅ‡∏õ‡πâ‡∏á Keto ‡∏û‡∏£‡πâ‡∏≠‡∏°‡∏ó‡∏≤‡∏ô 100 ‡∏Å‡∏£‡∏±‡∏° ‡πÅ‡∏ö‡∏ö‡πÄ‡∏™‡πâ‡∏ô‡∏´‡∏°‡∏µ‡πà‡πÅ‡∏•‡∏∞‡πÄ‡∏™‡πâ‡∏ô‡∏£‡∏≤‡πÄ‡∏°‡∏ô ‡πÄ‡∏ó‡∏µ‡∏¢‡∏ö‡πÄ‡∏ó‡πà‡∏≤‡πÑ‡∏Ç‡πà‡∏Ç‡∏≤‡∏ß 3 ‡∏ü‡∏≠‡∏á ‡πÄ‡∏û‡∏∑‡πà‡∏≠‡∏™‡∏∏‡∏Ç‡∏†‡∏≤‡∏û,‡πÇ‡∏õ‡∏£‡∏ï‡∏µ‡∏ô‡πÑ‡∏Ç‡πà‡∏Ç‡∏≤‡∏ß,‡∏Å‡∏£‡∏∏‡∏á‡πÄ‡∏ó‡∏û‡∏°‡∏´‡∏≤‡∏ô‡∏Ñ‡∏£,4.9523809523809526,42,156 ‡∏ä‡∏¥‡πâ‡∏ô,"‡πÄ‡∏™‡πâ‡∏ô‡∏£‡∏≤‡πÄ‡∏°‡∏ô‡∏•‡πâ‡∏ß‡∏ô 3 ‡∏ã‡∏≠‡∏á, ‡πÄ‡∏™‡πâ‡∏ô‡∏´‡∏°‡∏µ‡πà‡∏•‡πâ‡∏ß‡∏ô 3 ‡∏ã‡∏≠‡∏á, ‡πÄ‡∏™‡πâ‡∏ô‡∏´‡∏°‡∏µ‡πà 2 ‡∏£‡∏≤‡πÄ‡∏°‡∏ô 1, ‡πÄ‡∏™‡πâ‡∏ô‡∏´‡∏°‡∏µ‡πà 1 ‡∏£‡∏≤‡πÄ‡∏°‡∏ô 2",237,219,8%,Eggyday Store,,lazada,4825243137,100195518243
https://www.lazada.co.th/products/keto-i3929217244.html,KETO ‡∏£‡∏≤‡∏Ñ‡∏≤‡∏™‡πà‡∏á‡πÄ‡∏™‡πâ‡∏ô‡πÑ‡∏Ç‡πà‡∏Ç‡∏≤‡∏ß ‡πÄ‡∏™‡πâ‡∏ô‡∏´‡∏°‡∏µ‡πà‡πÑ‡∏Ç‡πà‡∏Ç‡∏≤‡∏ß ‡∏™‡∏õ‡∏≤‡πÄ‡∏Å‡πá‡∏ï‡∏ï‡∏ï‡∏µ‡πâ ‡∏£‡∏™‡∏ä‡∏≤‡∏ï‡∏¥‡∏î‡∏µ ‡∏≠‡∏£‡πà‡∏≠‡∏¢ ‡∏Ç‡∏≤‡∏¢‡∏î‡∏µ üî•,"‡πÄ‡∏™‡πâ‡∏ô‡πÑ‡∏Ç‡πà‡∏Ç‡∏≤‡∏ß, ‡πÄ‡∏™‡πâ‡∏ô‡∏´‡∏°‡∏µ‡πà‡πÑ‡∏Ç‡πà‡∏Ç‡∏≤‡∏ß",‡∏õ‡∏ó‡∏∏‡∏°‡∏ò‡∏≤‡∏ô‡∏µ,4.942528735632184,348,3.6K ‡∏ä‡∏¥‡πâ‡∏ô,"‡∏ö‡∏∏‡∏Å160 ‡∏Å‡∏£‡∏±‡∏° 8A, ‡∏ö‡∏∏‡∏Å‡πÄ‡∏™‡πâ‡∏ô‡πÅ‡∏ö‡∏ô 11A, ‡πÄ‡∏™‡πâ‡∏ô‡∏´‡∏°‡∏µ‡πà‡πÑ‡∏Ç‡πà‡∏Ç‡∏≤‡∏ß 65A, ‡πÄ‡∏™‡πâ‡∏ô‡∏£‡∏≤‡πÄ‡∏°‡∏á‡πÑ‡∏Ç‡πà‡∏Ç‡∏≤‡∏ß 66A",30,26,13%,Healthy Shop ‡∏™‡∏¥‡∏ô‡∏Ñ‡πâ‡∏≤‡∏™‡∏∏‡∏Ç‡∏†‡∏≤‡∏û ‡∏Ñ‡∏£‡∏ö‡∏ß‡∏á‡∏à‡∏£,mall,lazada,3929217244,100219674264
https://www.lazada.co.th/products/100-i4744111994.html,‡πÄ‡∏™‡πâ‡∏ô‡πÑ‡∏Ç‡πà‡∏Ç‡∏≤‡∏ß (‡πÄ‡∏™‡πâ‡∏ô‡∏Ç‡∏ô‡∏°‡∏à‡∏µ‡∏ô) 100‡∏Å‡∏£‡∏±‡∏°,‡πÄ‡∏™‡πâ‡∏ô‡πÑ‡∏Ç‡πà‡∏Ç‡∏≤‡∏ß,‡πÄ‡∏ä‡∏µ‡∏¢‡∏á‡πÉ‡∏´‡∏°‡πà,5.0,12,96 ‡∏ä‡∏¥‡πâ‡∏ô,,49,49,,Rainny Keto002,,lazada,4744111994,100429872942
https://www.lazada.co.th/products/nim-nim-100-i2785431035.html,Nim Nim ‡πÄ‡∏™‡πâ‡∏ô ‡∏ô‡∏¥‡πà‡∏°‡∏ô‡∏¥‡πà‡∏° ‡πÄ‡∏™‡πâ‡∏ô‡∏Ñ‡∏µ‡πÇ‡∏ï‚Äã ‡πÄ‡∏™‡πâ‡∏ô‡πÑ‡∏Ç‡πà‡∏Ç‡∏≤‡∏ß‚Äã‡∏Ñ‡∏µ‡πÇ‡∏ï‚Äã ‡πÄ‡∏™‡πâ‡∏ô‡πÑ‡∏Ç‡πà‡∏Ç‡∏≤‡∏ß‡∏ô‡∏¥‡πà‡∏°‡πÜ‚Äã ‡∏≠‡∏£‡πà‡∏≠‡∏¢‡∏™‡∏∏‡∏î‡πÉ‡∏ô‡∏ö‡∏£‡∏£‡∏î‡∏≤‚Äã‡πÄ‡∏™‡πâ‡∏ô‚Äã ‡∏Ç‡∏ô‡∏≤‡∏î100‚Äã‡∏Å‡∏£‡∏±‡∏°,‡πÄ‡∏™‡πâ‡∏ô‡πÑ‡∏Ç‡πà‡∏Ç‡∏≤‡∏ß,‡∏Å‡∏£‡∏∏‡∏á‡πÄ‡∏ó‡∏û‡∏°‡∏´‡∏≤‡∏ô‡∏Ñ‡∏£,4.956896551724138,232,2.7K ‡∏ä‡∏¥‡πâ‡∏ô,"‡πÄ‡∏™‡πâ‡∏ô‡∏´‡∏°‡∏µ‡πà ‡∏Ç‡∏≤‡∏ß, ‡πÄ‡∏™‡πâ‡∏ô‡πÑ‡∏Ç‡πà‡∏Ç‡∏≤‡∏ß, ‡πÄ‡∏™‡πâ‡∏ô‡πÄ‡∏´‡∏•‡∏∑‡∏≠‡∏á‡∏™‡∏õ‡∏≤‡πÄ‡∏Å‡πá‡∏ï‡∏ï‡∏µ‡πâ",85,69,19%,Health & Beauty,,lazada,2785431035,100137408
https://www.lazada.co.th/products/eggyday-100g-i5223630191.html,Eggyday (‡πÄ‡∏≠‡∏Å‡∏Å‡∏µ‡πâ‡πÄ‡∏î‡∏¢‡πå) ‡πÄ‡∏™‡πâ‡∏ô‡∏£‡∏≤‡πÄ‡∏°‡∏ô‡πÇ‡∏õ‡∏£‡∏ï‡∏µ‡∏ô‡πÑ‡∏Ç‡πà‡∏Ç‡∏≤‡∏ß ‡πÄ‡∏™‡πâ‡∏ô‡∏´‡∏°‡∏µ‡πà‡πÑ‡∏Ç‡πà‡∏Ç‡∏≤‡∏ß ‡∏Ç‡πâ‡∏≤‡∏ß‡πÑ‡∏Ç‡πà‡∏Ç‡∏≤‡∏ß ‡∏û‡∏£‡πâ‡∏≠‡∏°‡∏ó‡∏≤‡∏ô 100g ‡∏Ç‡∏≠‡∏á‡πÅ‡∏ó‡πâ‡∏™‡πà‡∏á‡πÑ‡∏ß!!,"‡πÇ‡∏õ‡∏£‡∏ï‡∏µ‡∏ô‡πÑ‡∏Ç‡πà‡∏Ç‡∏≤‡∏ß, ‡πÄ‡∏™‡πâ‡∏ô‡∏´‡∏°‡∏µ‡πà‡πÑ‡∏Ç‡πà‡∏Ç‡∏≤‡∏ß, ‡∏Ç‡πâ‡∏≤‡∏ß‡πÑ‡∏Ç‡πà‡∏Ç‡∏≤‡∏ß",‡∏Å‡∏£‡∏∏‡∏á‡πÄ‡∏ó‡∏û‡∏°‡∏´‡∏≤‡∏ô‡∏Ñ‡∏£,4.6,5,40 ‡∏ä‡∏¥‡πâ‡∏ô,"‡πÄ‡∏™‡πâ‡∏ô‡∏£‡∏≤‡πÄ‡∏°‡∏ô‡πÑ‡∏Ç‡πà‡∏Ç‡∏≤‡∏ß, ‡πÄ‡∏™‡πâ‡∏ô‡∏´‡∏°‡∏µ‡πà ‡πÑ‡∏Ç‡πà‡∏Ç‡∏≤‡∏ß, ‡∏Ç‡πâ‡∏≤‡∏ß‡πÑ‡∏Ç‡πà‡∏Ç‡∏≤‡∏ß",134,67,50%,HealthyPop,,lazada,5223630191,100238574983
https://www.lazada.co.th/products/nim-nim-100-3-i2897936228.html,Nim Nim ‡∏ô‡∏¥‡πà‡∏°‡∏ô‡∏¥‡πà‡∏° ‡πÄ‡∏™‡πâ‡∏ô‡∏´‡∏°‡∏µ‡πà‡πÑ‡∏Ç‡πà‡∏Ç‡∏≤‡∏ß ‡∏™‡∏õ‡∏≤‡πÄ‡∏Å‡πá‡∏ï‡∏ï‡∏µ‡πâ‡πÑ‡∏£‡πâ‡πÅ‡∏õ‡πâ‡∏á ‡∏Ñ‡∏µ‡πÇ‡∏ï 100 ‡∏Å‡∏£‡∏±‡∏° ‡∏Ñ‡∏∏‡∏°‡∏ô‡πâ‡∏≥‡∏´‡∏ô‡∏±‡∏Å 3 ‡πÄ‡πÄ‡∏ö‡∏ö ‡∏£‡∏≤‡∏Ñ‡∏≤‡∏û‡∏¥‡πÄ‡∏®‡∏©,‡πÄ‡∏™‡πâ‡∏ô‡∏´‡∏°‡∏µ‡πà‡πÑ‡∏Ç‡πà‡∏Ç‡∏≤‡∏ß,‡∏Å‡∏£‡∏∏‡∏á‡πÄ‡∏ó‡∏û‡∏°‡∏´‡∏≤‡∏ô‡∏Ñ‡∏£,4.918367346938775,147,2.2K ‡∏ä‡∏¥‡πâ‡∏ô,"‡πÄ‡∏™‡πâ‡∏ô‡πÑ‡∏Ç‡πà‡∏Ç‡∏≤‡∏ß, ‡πÄ‡∏™‡πâ‡∏ô‡∏´‡∏°‡∏µ‡πà‡∏Ç‡∏≤‡∏ß, ‡πÄ‡∏™‡πâ‡∏ô‡πÄ‡∏´‡∏•‡∏∑‡∏≠‡∏á ‡∏™‡∏õ‡∏≤‡πÄ‡∏Å‡πá‡∏ï‡∏ï‡∏µ",89,69,22%,PROHEALTH,,lazada,2897936228,100148953
https://www.lazada.co.th/products/eggyday-i4871678452.html,Eggyday ‡πÄ‡∏™‡πâ‡∏ô‡πÑ‡∏Ç‡πà‡∏Ç‡∏≤‡∏ß ‡πÑ‡∏°‡πà‡∏°‡∏µ‡πÅ‡∏õ‡πâ‡∏á‡∏ú‡∏™‡∏°,‡πÄ‡∏™‡πâ‡∏ô‡πÑ‡∏Ç‡πà‡∏Ç‡∏≤‡∏ß,‡∏¢‡∏∞‡∏•‡∏≤,5.0,18,85 ‡∏ä‡∏¥‡πâ‡∏ô,"‡πÄ‡∏™‡πâ‡∏ô‡∏Å‡∏•‡∏°‡πÑ‡∏Ç‡πà‡∏Ç‡∏≤‡∏ß, ‡πÄ‡∏™‡πâ‡∏ô‡∏´‡∏°‡∏µ‡πà‡πÑ‡∏Ç‡πà‡∏Ç‡∏≤‡∏ß",79,79,,Thank you keto,,lazada,4871678452,100139116
https://www.lazada.co.th/products/eggyday-100g-3-i4572140391.html,Eggyday ‡πÄ‡∏™‡πâ‡∏ô‡∏´‡∏°‡∏µ‡πà‡πÇ‡∏õ‡∏£‡∏ï‡∏µ‡∏ô‡πÑ‡∏Ç‡πà‡∏Ç‡∏≤‡∏ß 100g ‡∏à‡∏≥‡∏ô‡∏ß‡∏ô 3 ‡∏ã‡∏≠‡∏á,"‡πÇ‡∏õ‡∏£‡∏ï‡∏µ‡∏ô‡πÑ‡∏Ç‡πà‡∏Ç‡∏≤‡∏ß, ‡πÄ‡∏™‡πâ‡∏ô‡∏´‡∏°‡∏µ‡πà‡πÇ‡∏õ‡∏£‡∏ï‡∏µ‡∏ô‡πÑ‡∏Ç‡πà‡∏Ç‡∏≤‡∏ß",‡∏™‡∏°‡∏∏‡∏ó‡∏£‡∏õ‡∏£‡∏≤‡∏Å‡∏≤‡∏£,4.96078431372549,51,146 ‡∏ä‡∏¥‡πâ‡∏ô,,237,199,16%,Happyshoppingofficial,,lazada,4572140391,100183137045
https://www.lazada.co.th/products/nimnim-100-i5144646396.html,‡πÄ‡∏™‡πâ‡∏ô‡πÑ‡∏Ç‡πà‡∏Ç‡∏≤‡∏ß ‡πÄ‡∏™‡πâ‡∏ô‡∏´‡∏°‡∏µ‡πà‡πÑ‡∏Ç‡πà‡∏Ç‡∏≤‡∏ß ‡πÄ‡∏™‡πâ‡∏ô‡∏™‡∏õ‡∏≤‡πÄ‡∏Å‡πá‡∏ï‡∏ï‡∏µ‡πâ‡πÑ‡∏Ç‡πà‡∏Ç‡∏≤‡∏ß ‡πÄ‡∏™‡πâ‡∏ô‡∏Ñ‡∏µ‡πÇ‡∏ï‡∏ô nimnim ‡∏ô‡∏¥‡πà‡∏°‡∏ô‡∏¥‡πà‡∏° ‡∏•‡πá‡∏≠‡∏ï‡πÉ‡∏´‡∏°‡πà ‡πÄ‡∏™‡πâ‡∏ô‡πÑ‡∏Ç‡πà‡∏Ç‡∏≤‡∏ß 100% ‡πÇ‡∏õ‡∏£‡∏ï‡∏µ‡∏ô‡πÅ‡∏ô‡πà‡∏ô,"‡πÄ‡∏™‡πâ‡∏ô‡πÑ‡∏Ç‡πà‡∏Ç‡∏≤‡∏ß, ‡πÄ‡∏™‡πâ‡∏ô‡∏´‡∏°‡∏µ‡πà‡πÑ‡∏Ç‡πà‡∏Ç‡∏≤‡∏ß",‡∏Å‡∏£‡∏∏‡∏á‡πÄ‡∏ó‡∏û‡∏°‡∏´‡∏≤‡∏ô‡∏Ñ‡∏£,4.951612903225806,62,385 ‡∏ä‡∏¥‡πâ‡∏ô,"‡πÄ‡∏™‡πâ‡∏ô‡πÑ‡∏Ç‡πà‡∏Ç‡∏≤‡∏ß, ‡πÄ‡∏™‡πâ‡∏ô‡∏´‡∏°‡∏µ‡πà‡πÑ‡∏Ç‡πà‡∏Ç‡∏≤‡∏ß, ‡πÄ‡∏™‡πâ‡∏ô‡∏™‡∏õ‡∏≤‡πÄ‡∏Å‡πá‡∏ï‡∏ï‡∏µ‡πâ‡πÑ‡∏Ç‡πà‡∏Ç‡∏≤‡∏ß",85,69,19%,Rich Healthcare,,lazada,5144646396,100255833084
https://www.lazada.co.th/products/eggyday-100-i5312522015.html,Eggyday  ‡πÄ‡∏™‡πâ‡∏ô‡πÑ‡∏Ç‡πà‡∏Ç‡∏≤‡∏ß 100 ‡∏Å‡∏£‡∏±‡∏° (‡πÄ‡∏≠‡πâ‡∏Å‡∏Å‡∏µ‡πâ‡πÄ‡∏î‡∏¢‡πå),‡πÄ‡∏™‡πâ‡∏ô‡πÑ‡∏Ç‡πà‡∏Ç‡∏≤‡∏ß,‡∏™‡∏°‡∏∏‡∏ó‡∏£‡∏õ‡∏£‡∏≤‡∏Å‡∏≤‡∏£,,,,"‡πÄ‡∏™‡πâ‡∏ô‡∏´‡∏°‡∏µ‡πà‡πÑ‡∏Ç‡πà‡∏Ç‡∏≤‡∏ß, ‡πÄ‡∏™‡πâ‡∏ô‡∏£‡∏≤‡πÄ‡∏°‡∏ô EXP11/24, ‡πÑ‡∏Ç‡πà‡∏Ç‡∏≤‡∏ß‡∏£‡∏π‡∏õ‡∏Ç‡πâ‡∏≤‡∏ß",79,72,9%,SabuyjaiOfficial,,lazada,5312522015,1000141323
https://www.lazada.co.th/products/nimnim-i4828666363.html,‡∏Ñ‡∏•‡∏∞‡πÑ‡∏î‡πâ!!‡πÄ‡∏™‡πâ‡∏ô‡πÑ‡∏Ç‡πà‡∏Ç‡∏≤‡∏ß‡∏ô‡∏¥‡πà‡∏°‡∏ô‡∏¥‡πà‡∏° ‡πÑ‡∏£‡πâ‡πÅ‡∏õ‡πâ‡∏á ‡πÑ‡∏£‡πâ‡πÑ‡∏Ç‡∏°‡∏±‡∏ô Nimnim ‡∏Ñ‡∏µ‡πÇ‡∏ï‡∏ó‡∏≤‡∏ô‡πÑ‡∏î‡πâ ‡∏Ñ‡∏•‡∏∞‡πÑ‡∏î‡πâ,‡πÄ‡∏™‡πâ‡∏ô‡πÑ‡∏Ç‡πà‡∏Ç‡∏≤‡∏ß,‡∏Å‡∏£‡∏∏‡∏á‡πÄ‡∏ó‡∏û‡∏°‡∏´‡∏≤‡∏ô‡∏Ñ‡∏£,4.925170068027211,146,644 ‡∏ä‡∏¥‡πâ‡∏ô,‡πÄ‡∏™‡πâ‡∏ô‡∏™‡∏õ‡∏≤‡πÄ‡∏Å‡∏ï‡∏ï‡∏µ‡πÑ‡∏£‡πâ‡πÅ‡∏õ‡πâ‡∏á,75,75,,Maxxlife By Wellgate,,lazada,4828666363,100277958030
https://www.lazada.co.th/products/nimnim-5-127899-i4779693337.html,NIMNIM ‡∏ô‡∏¥‡πà‡∏°‡∏ô‡∏¥‡πà‡∏° ‡πÄ‡∏™‡πâ‡∏ô‡∏´‡∏°‡∏µ‡πà‡πÑ‡∏Ç‡πà‡∏Ç‡∏≤‡∏ß ‡πÑ‡∏£‡πâ‡πÅ‡∏õ‡πâ‡∏á ‡πÑ‡∏£‡πâ‡πÑ‡∏Ç‡∏°‡∏±‡∏ô ‡πÅ‡∏û‡πá‡∏Ñ 5 ‡∏ä‡∏¥‡πâ‡∏ô #127899,‡πÄ‡∏™‡πâ‡∏ô‡∏´‡∏°‡∏µ‡πà‡πÑ‡∏Ç‡πà‡∏Ç‡∏≤‡∏ß,‡∏Å‡∏£‡∏∏‡∏á‡πÄ‡∏ó‡∏û‡∏°‡∏´‡∏≤‡∏ô‡∏Ñ‡∏£,4.9787234042553195,46,151 ‡∏ä‡∏¥‡πâ‡∏ô,,469,420,10%,GMMOShopping,mall,lazada,4779693337,100180329
https://www.lazada.co.th/products/whith-noodle-nimnimketo-keto-i3521361539.html,"‡πÄ‡∏™‡πâ‡∏ô‡πÑ‡∏Ç‡πà‡∏Ç‡∏≤‡∏ß‡∏ô‡∏¥‡πà‡∏°‡∏ô‡∏¥‡πà‡∏° ‡∏Ç‡πâ‡∏≤‡∏ß‡πÑ‡∏Ç‡πà‡∏Ç‡∏≤‡∏ß ‡∏Ñ‡∏•‡∏µ‡∏ô ‡πÇ‡∏•‡∏ß‡πå‡∏Ñ‡∏≤‡∏£‡πå‡∏ö‡∏ó‡∏≤‡∏ô‡πÑ‡∏î‡πâ ‡πÄ‡∏™‡πâ‡∏ô‡∏Ñ‡∏µ‡πÇ‡∏ï Whith Noodle NIMNIM(KETO)‡πÄ‡∏™‡πâ‡∏ô‡πÑ‡∏Ç‡πà‡∏Ç‡∏≤‡∏ß ‡∏™‡∏õ‡∏≤‡πÄ‡∏Å‡πá‡∏ï‡∏ï‡∏µ‡πâ‡πÑ‡∏Ç‡πà‡∏Ç‡∏≤‡∏ß ‡πÑ‡∏£‡πâ‡πÅ‡∏õ‡πâ‡∏á,‡πÑ‡∏Ç‡∏°‡∏±‡∏ô&‡∏ô‡πâ‡∏≥‡∏ï‡∏≤‡∏•""KETO""‡∏´‡∏°‡∏µ","‡πÄ‡∏™‡πâ‡∏ô‡πÑ‡∏Ç‡πà‡∏Ç‡∏≤‡∏ß, ‡∏Ç‡πâ‡∏≤‡∏ß‡πÑ‡∏Ç‡πà‡∏Ç‡∏≤‡∏ß",‡∏™‡∏á‡∏Ç‡∏•‡∏≤,4.9393939393939394,33,573 ‡∏ä‡∏¥‡πâ‡∏ô,"‡πÄ‡∏™‡πâ‡∏ô‡πÑ‡∏Ç‡πà‡∏Ç‡∏≤‡∏ß, ‡πÄ‡∏™‡πâ‡∏ô‡∏´‡∏°‡∏µ‡πà‡πÑ‡∏Ç‡πà‡∏Ç‡∏≤‡∏ß, ‡∏™‡∏õ‡∏≤‡πÄ‡∏Å‡πá‡∏ï‡∏ï‡∏µ‡πâ‡πÑ‡∏Ç‡πà‡∏Ç‡∏≤‡∏ß, ‡∏Ç‡πâ‡∏≤‡∏ß‡πÑ‡∏Ç‡πà‡∏°‡∏∏‡∏Å",85,79,7%,Mumil Keto Halal,,lazada,3521361539,1000145579
https://www.lazada.co.th/products/eggyday-100g-i5218923602.html,Eggyday ‡∏Ç‡πâ‡∏≤‡∏ß‡πÑ‡∏Ç‡πà‡∏Ç‡∏≤‡∏ß ‡πÄ‡∏™‡πâ‡∏ô‡πÑ‡∏Ç‡πà‡∏Ç‡∏≤‡∏ß ‡πÑ‡∏£‡πâ‡πÅ‡∏õ‡πâ‡∏á ‡πÇ‡∏õ‡∏£‡∏ï‡∏µ‡∏ô‡∏™‡∏π‡∏á ‡∏Ñ‡∏µ‡πÇ‡∏ï‡∏ó‡∏≤‡∏ô‡πÑ‡∏î‡πâ ‡∏Ç‡∏ô‡∏≤‡∏î 100g.,"‡πÄ‡∏™‡πâ‡∏ô‡πÑ‡∏Ç‡πà‡∏Ç‡∏≤‡∏ß, ‡∏Ç‡πâ‡∏≤‡∏ß‡πÑ‡∏Ç‡πà‡∏Ç‡∏≤‡∏ß",‡∏Å‡∏£‡∏∏‡∏á‡πÄ‡∏ó‡∏û‡∏°‡∏´‡∏≤‡∏ô‡∏Ñ‡∏£,5.0,2,60 ‡∏ä‡∏¥‡πâ‡∏ô,"‡πÄ‡∏™‡πâ‡∏ô‡∏£‡∏≤‡πÄ‡∏°‡∏ô‡πÑ‡∏Ç‡πà‡∏Ç‡∏≤‡∏ß, ‡πÄ‡∏™‡πâ‡∏ô‡∏´‡∏°‡∏µ‡πà ‡πÑ‡∏Ç‡πà‡∏Ç‡∏≤‡∏ß, ‡∏Ç‡πâ‡∏≤‡∏ß‡πÑ‡∏Ç‡πà‡∏Ç‡∏≤‡∏ß",69,69,,Triplebeauty,,lazada,5218923602,100234494238
https://www.lazada.co.th/products/7-eggyday-keto-100-3-i3138543052.html,(‡πÅ‡∏û‡∏Ñ 7 ‡∏ã‡∏≠‡∏á)  eggyday ‡πÄ‡∏™‡πâ‡∏ô‡πÇ‡∏õ‡∏£‡∏ï‡∏µ‡∏ô‡πÑ‡∏Ç‡πà‡∏Ç‡∏≤‡∏ß ‡πÇ‡∏õ‡∏£‡∏ï‡∏µ‡∏ô‡∏™‡∏π‡∏á ‡∏≠‡∏£‡πà‡∏≠‡∏¢ ‡πÑ‡∏°‡πà‡∏Ñ‡∏≤‡∏ß ‡πÑ‡∏£‡πâ‡πÅ‡∏õ‡πâ‡∏á Keto ‡∏û‡∏£‡πâ‡∏≠‡∏°‡∏ó‡∏≤‡∏ô 100 ‡∏Å‡∏£‡∏±‡∏° ‡πÅ‡∏ö‡∏ö‡πÄ‡∏™‡πâ‡∏ô‡∏´‡∏°‡∏µ‡πà‡πÅ‡∏•‡∏∞‡πÄ‡∏™‡πâ‡∏ô‡∏£‡∏≤‡πÄ‡∏°‡∏ô ‡πÄ‡∏ó‡∏µ‡∏¢‡∏ö‡πÄ‡∏ó‡πà‡∏≤‡πÑ‡∏Ç‡πà‡∏Ç‡∏≤‡∏ß 3 ‡∏ü‡∏≠‡∏á ‡πÄ‡∏û‡∏∑‡πà‡∏≠‡∏™‡∏∏‡∏Ç‡∏†‡∏≤‡∏û,‡πÇ‡∏õ‡∏£‡∏ï‡∏µ‡∏ô‡πÑ‡∏Ç‡πà‡∏Ç‡∏≤‡∏ß,‡∏Å‡∏£‡∏∏‡∏á‡πÄ‡∏ó‡∏û‡∏°‡∏´‡∏≤‡∏ô‡∏Ñ‡∏£,4.948275862068965,174,685 ‡∏ä‡∏¥‡πâ‡∏ô,"‡πÄ‡∏™‡πâ‡∏ô‡∏´‡∏°‡∏µ‡πà‡∏•‡πâ‡∏ß‡∏ô, ‡∏£‡∏≤‡πÄ‡∏°‡∏ô‡∏•‡πâ‡∏ß‡∏ô, ‡πÄ‡∏™‡πâ‡∏ô‡∏´‡∏°‡∏µ‡πà 4 ‡∏£‡∏≤‡πÄ‡∏°‡∏ô 3, ‡πÄ‡∏™‡πâ‡∏ô‡∏´‡∏°‡∏µ‡πà 3 ‡∏£‡∏≤‡πÄ‡∏°‡∏ô 4",553,483,13%,Eggyday Store,,lazada,3138543052,100195518243
https://www.lazada.co.th/products/-i2727562727.html,(‡πÄ‡∏™‡πâ‡∏ô‡∏Ñ‡∏µ‡πÇ‡∏ï) ‡πÄ‡∏™‡πâ‡∏ô‡πÑ‡∏Ç‡πà‡∏Ç‡∏≤‡∏ß‡∏Ñ‡∏µ‡πÇ‡∏ï ‡πÄ‡∏™‡πâ‡∏ô‡∏´‡∏°‡∏µ‡πà‡πÑ‡∏Ç‡πà‡∏Ç‡∏≤‡∏ß ‡∏™‡∏õ‡∏≤‡πÄ‡∏Å‡∏ï‡∏ï‡∏µ‡πâ‡πÑ‡∏£‡πâ‡πÅ‡∏õ‡πâ‡∏á  ‡∏ô‡∏∏‡πà‡∏°‡∏≠‡∏£‡πà‡∏≠‡∏¢,"‡πÄ‡∏™‡πâ‡∏ô‡πÑ‡∏Ç‡πà‡∏Ç‡∏≤‡∏ß, ‡πÄ‡∏™‡πâ‡∏ô‡∏´‡∏°‡∏µ‡πà‡πÑ‡∏Ç‡πà‡∏Ç‡∏≤‡∏ß",‡∏Å‡∏£‡∏∏‡∏á‡πÄ‡∏ó‡∏û‡∏°‡∏´‡∏≤‡∏ô‡∏Ñ‡∏£,4.9,70,742 ‡∏ä‡∏¥‡πâ‡∏ô,‡πÄ‡∏™‡πâ‡∏ô‡∏™‡∏õ‡∏≤‡πÄ‡∏Å‡πá‡∏ï‡∏ï‡∏µ‡πâ,85,85,,Tasty Easy Keto ‡∏Ñ‡∏µ‡πÇ‡∏ï‡∏≠‡∏£‡πà‡∏≠‡∏¢‡∏á‡πà‡∏≤‡∏¢‡πÜ,,lazada,2727562727,100192488174
https://www.lazada.co.th/products/keto-i5096834053.html,KETO ‡∏£‡∏≤‡∏Ñ‡∏≤‡∏™‡πà‡∏á‡πÄ‡∏™‡πâ‡∏ô‡πÑ‡∏Ç‡πà‡∏Ç‡∏≤‡∏ß ‡πÄ‡∏™‡πâ‡∏ô‡∏´‡∏°‡∏µ‡πà‡πÑ‡∏Ç‡πà‡∏Ç‡∏≤‡∏ß ‡∏™‡∏õ‡∏≤‡πÄ‡∏Å‡πá‡∏ï‡∏ï‡∏ï‡∏µ‡πâ ‡∏£‡∏™‡∏ä‡∏≤‡∏ï‡∏¥‡∏î‡∏µ ‡∏≠‡∏£‡πà‡∏≠‡∏¢ ‡∏Ç‡∏≤‡∏¢‡∏î‡∏µ üî•,"‡πÄ‡∏™‡πâ‡∏ô‡πÑ‡∏Ç‡πà‡∏Ç‡∏≤‡∏ß, ‡πÄ‡∏™‡πâ‡∏ô‡∏´‡∏°‡∏µ‡πà‡πÑ‡∏Ç‡πà‡∏Ç‡∏≤‡∏ß",‡∏õ‡∏ó‡∏∏‡∏°‡∏ò‡∏≤‡∏ô‡∏µ,5.0,4,17 ‡∏ä‡∏¥‡πâ‡∏ô,"‡∏ö‡∏∏‡∏Å160 ‡∏Å‡∏£‡∏±‡∏° 8A, ‡πÑ‡∏Ç‡πà‡∏°‡∏∏‡∏Å‡∏à‡∏≤‡∏Å‡πÑ‡∏Ç‡πà‡∏Ç‡∏≤‡∏ß 60A, ‡∏≠‡∏±‡∏•‡∏°‡∏≠‡∏ô‡∏î‡πå‡∏ú‡∏™‡∏°‡πÄ‡∏Ñ‡∏• 63A, ‡πÄ‡∏™‡πâ‡∏ô‡∏´‡∏°‡∏µ‡πà‡πÑ‡∏Ç‡πà‡∏Ç‡∏≤‡∏ß 65A, ‡πÄ‡∏™‡πâ‡∏ô‡∏£‡∏≤‡πÄ‡∏°‡∏á‡πÑ‡∏Ç‡πà‡∏Ç‡∏≤‡∏ß 66A",30,30,,‡∏£‡πâ‡∏≤‡∏ô‡∏ô‡∏¥‡∏¢‡∏°‡∏™‡∏∏‡∏Ç‡∏†‡∏≤‡∏û (‡∏£‡∏≤‡∏Ñ‡∏≤‡∏ñ‡∏π‡∏Å ‡∏™‡πà‡∏á‡πÑ‡∏ß),,lazada,5096834053,100683008141
https://www.lazada.co.th/products/1-3-nimnim-i5150523723.html,‡∏ô‡∏¥‡πà‡∏°‡∏ô‡∏¥‡πà‡∏° ‡πÄ‡∏™‡πâ‡∏ô‡πÑ‡∏Ç‡πà‡∏Ç‡∏≤‡∏ß ‡πÑ‡∏£‡πâ‡πÅ‡∏õ‡πâ‡∏á ‡πÑ‡∏£‡πâ‡πÑ‡∏Ç‡∏°‡∏±‡∏ô ‡∏û‡∏£‡πâ‡∏≠‡∏°‡∏ó‡∏≤‡∏ô 1 ‡∏ã‡∏≠‡∏á ‡∏°‡∏µ‡πÉ‡∏´‡πâ‡πÄ‡∏•‡∏∑‡∏≠‡∏Å 3 ‡πÅ‡∏ö‡∏ö ‡πÄ‡∏™‡πâ‡∏ô‡πÑ‡∏Ç‡πà‡∏Ç‡∏≤‡∏ß NimNim ‡∏Ñ‡∏µ‡πÇ‡∏ï‡∏ó‡∏≤‡∏ô‡πÑ‡∏î‡πâ,‡πÄ‡∏™‡πâ‡∏ô‡πÑ‡∏Ç‡πà‡∏Ç‡∏≤‡∏ß,‡∏Å‡∏£‡∏∏‡∏á‡πÄ‡∏ó‡∏û‡∏°‡∏´‡∏≤‡∏ô‡∏Ñ‡∏£,,,6 ‡∏ä‡∏¥‡πâ‡∏ô,"‡πÄ‡∏™‡πâ‡∏ô‡πÑ‡∏Ç‡πà‡∏Ç‡∏≤‡∏ß, ‡πÄ‡∏™‡πâ‡∏ô‡∏´‡∏°‡∏µ‡πà‡πÑ‡∏Ç‡πà‡∏Ç‡∏≤‡∏ß, ‡πÄ‡∏™‡πâ‡∏ô‡∏™‡∏õ‡∏≤‡πÄ‡∏Å‡∏ï‡∏ï‡∏µ‡πâ",85,85,,‡∏≠‡∏≠‡∏•‡∏ô‡∏¥‡∏™‡∏ï‡πâ‡∏≤,,lazada,5150523723,100730704672
https://www.lazada.co.th/products/eggyday-100x10-keto-i4819820502.html,Eggyday ‡πÄ‡∏™‡πâ‡∏ô ‡πÇ‡∏õ‡∏£‡∏ï‡∏µ‡∏ô‡πÑ‡∏Ç‡πà‡∏Ç‡∏≤‡∏ß ‡πÑ‡∏£‡πâ‡πÅ‡∏õ‡πâ‡∏á (‡∏´‡∏°‡∏µ‡πà/‡∏£‡∏≤‡πÄ‡∏°‡∏ô) (100‡∏Å.x10‡∏ã‡∏≠‡∏á) ‡∏Ñ‡∏•‡∏µ‡∏ô ‡∏Ñ‡∏µ‡πÇ‡∏ï ‡∏ú‡∏π‡πâ‡∏™‡∏π‡∏á‡∏≠‡∏≤‡∏¢‡∏∏ ‡∏ú‡∏π‡πâ‡∏õ‡πà‡∏ß‡∏¢ ‡πÇ‡∏£‡∏Ñ‡πÑ‡∏ï ‡∏°‡∏∞‡πÄ‡∏£‡πá‡∏á ‡πÄ‡∏ö‡∏≤‡∏´‡∏ß‡∏≤‡∏ô ‡πÄ‡∏™‡πâ‡∏ô‡πÑ‡∏Ç‡πà‡∏Ç‡∏≤‡∏ß ‡πÄ‡∏™‡πâ‡∏ô‡∏´‡∏°‡∏µ‡πà‡∏Ñ‡∏µ‡πÇ‡∏ï ‡πÑ‡∏Ç‡πà‡∏Ç‡∏≤‡∏ß keto,"‡πÄ‡∏™‡πâ‡∏ô‡πÑ‡∏Ç‡πà‡∏Ç‡∏≤‡∏ß, ‡πÇ‡∏õ‡∏£‡∏ï‡∏µ‡∏ô‡πÑ‡∏Ç‡πà‡∏Ç‡∏≤‡∏ß",‡∏õ‡∏ó‡∏∏‡∏°‡∏ò‡∏≤‡∏ô‡∏µ,5.0,4,30 ‡∏ä‡∏¥‡πâ‡∏ô,"‡πÄ‡∏™‡πâ‡∏ô‡∏´‡∏°‡∏µ‡πà ‡πÑ‡∏Ç‡πà‡∏Ç‡∏≤‡∏ß, ‡πÄ‡∏™‡πâ‡∏ô‡∏£‡∏≤‡πÄ‡∏°‡∏ô ‡πÑ‡∏Ç‡πà‡∏Ç‡∏≤‡∏ß",790,669,15%,Care Corner and More,,lazada,4819820502,100467440557
https://www.lazada.co.th/products/nimnim-100-i4145818049.html,nimnim ‡πÄ‡∏™‡πâ‡∏ô‡πÑ‡∏Ç‡πà‡∏Ç‡∏≤‡∏ß ‡πÄ‡∏™‡πâ‡∏ô‡∏´‡∏°‡∏µ‡πà‡πÑ‡∏Ç‡πà‡∏Ç‡∏≤‡∏ß ‡πÄ‡∏™‡πâ‡∏ô‡∏™‡∏õ‡∏≤‡πÄ‡∏Å‡πá‡∏ï‡∏ï‡∏µ‡πâ‡πÑ‡∏Ç‡πà‡∏Ç‡∏≤‡∏ß ‡πÄ‡∏™‡πâ‡∏ô‡∏Ñ‡∏µ‡πÇ‡∏ï‡∏ô  ‡πÄ‡∏™‡πâ‡∏ô‡∏ô‡∏¥‡πà‡∏°‡∏ô‡∏¥‡πà‡∏° ‡∏•‡πá‡∏≠‡∏ï‡πÉ‡∏´‡∏°‡πà ‡πÄ‡∏™‡πâ‡∏ô‡πÑ‡∏Ç‡πà‡∏Ç‡∏≤‡∏ß 100% ‡πÇ‡∏õ‡∏£‡∏ï‡∏µ‡∏ô‡πÅ‡∏ô‡πà‡∏ô,"‡πÄ‡∏™‡πâ‡∏ô‡πÑ‡∏Ç‡πà‡∏Ç‡∏≤‡∏ß, ‡πÄ‡∏™‡πâ‡∏ô‡∏´‡∏°‡∏µ‡πà‡πÑ‡∏Ç‡πà‡∏Ç‡∏≤‡∏ß",‡∏Å‡∏£‡∏∏‡∏á‡πÄ‡∏ó‡∏û‡∏°‡∏´‡∏≤‡∏ô‡∏Ñ‡∏£,4.857142857142857,7,77 ‡∏ä‡∏¥‡πâ‡∏ô,"‡πÄ‡∏™‡πâ‡∏ô‡∏™‡∏õ‡∏≤‡πÄ‡∏Å‡πá‡∏ï‡∏ï‡∏µ‡πâ‡πÑ‡∏Ç‡πà‡∏Ç‡∏≤‡∏ß, ‡πÄ‡∏™‡πâ‡∏ô‡πÑ‡∏Ç‡πà‡∏Ç‡∏≤‡∏ß, ‡πÄ‡∏™‡πâ‡∏ô‡∏´‡∏°‡∏µ‡πà‡πÑ‡∏Ç‡πà‡∏Ç‡∏≤‡∏ß",85,72,15%,HealthyPop,,lazada,4145818049,100238574983
https://www.lazada.co.th/products/100-keto-homemade-i4382985689.html,‡πÄ‡∏™‡πâ‡∏ô‡πÑ‡∏Ç‡πà‡∏Ç‡∏≤‡∏ß (‡πÄ‡∏™‡πâ‡∏ô‡∏´‡∏°‡∏µ‡πà) ‡∏ñ‡∏∏‡∏á‡πÄ‡∏•‡πá‡∏Å 100‡∏Å‡∏£‡∏±‡∏° (Keto Homemade),‡πÄ‡∏™‡πâ‡∏ô‡πÑ‡∏Ç‡πà‡∏Ç‡∏≤‡∏ß,‡πÄ‡∏ä‡∏µ‡∏¢‡∏á‡πÉ‡∏´‡∏°‡πà,4.901960784313726,51,266 ‡∏ä‡∏¥‡πâ‡∏ô,,55,55,,‡πÄ‡∏™‡πâ‡∏ô‡πÑ‡∏Ç‡πà‡∏Ç‡∏≤‡∏ß Rainny Keto,,lazada,4382985689,100251342479
https://www.lazada.co.th/products/eggyday-100-i5158506499.html,Eggyday  ‡πÄ‡∏™‡πâ‡∏ô‡πÑ‡∏Ç‡πà‡∏Ç‡∏≤‡∏ß‡πÑ‡∏£‡πâ‡πÅ‡∏õ‡πâ‡∏á ‡πÄ‡∏™‡πâ‡∏ô‡πÇ‡∏õ‡∏£‡∏ï‡∏µ‡∏ô‡πÑ‡∏Ç‡πà‡∏Ç‡∏≤‡∏ß ‡∏Ç‡πâ‡∏≤‡∏ß‡πÑ‡∏Ç‡πà‡∏Ç‡∏≤‡∏ß ‡∏Ç‡∏ô‡∏≤‡∏î100‡∏Å‡∏£‡∏±‡∏° ‡πÅ‡∏ö‡∏ö‡πÄ‡∏™‡πâ‡∏ô‡∏´‡∏°‡∏µ‡πà‡πÅ‡∏•‡∏∞‡πÄ‡∏™‡πâ‡∏ô‡∏£‡∏≤‡πÄ‡∏°‡∏ô ‡πÑ‡∏°‡πà‡∏°‡∏µ‡πÅ‡∏õ‡πâ‡∏á ‡πÑ‡∏°‡πà‡∏°‡∏µ‡∏ô‡πâ‡∏≥‡∏ï‡∏≤‡∏•,"‡πÄ‡∏™‡πâ‡∏ô‡πÑ‡∏Ç‡πà‡∏Ç‡∏≤‡∏ß, ‡πÇ‡∏õ‡∏£‡∏ï‡∏µ‡∏ô‡πÑ‡∏Ç‡πà‡∏Ç‡∏≤‡∏ß, ‡∏Ç‡πâ‡∏≤‡∏ß‡πÑ‡∏Ç‡πà‡∏Ç‡∏≤‡∏ß",‡∏™‡∏∏‡∏£‡∏≤‡∏©‡∏é‡∏£‡πå‡∏ò‡∏≤‡∏ô‡∏µ,5.0,8,48 ‡∏ä‡∏¥‡πâ‡∏ô,"‡πÄ‡∏™‡πâ‡∏ô‡∏´‡∏°‡∏µ‡πà, ‡πÄ‡∏™‡πâ‡∏ô‡∏£‡∏≤‡πÄ‡∏°‡∏ô, ‡∏Ç‡πâ‡∏≤‡∏ß‡πÑ‡∏Ç‡πà‡∏Ç‡∏≤‡∏ß",69,69,,Baandonfresh,,lazada,5158506499,100198470239
https://www.lazada.co.th/products/eggyday-100x6-keto-i4819824428.html,Eggyday ‡πÄ‡∏™‡πâ‡∏ô ‡πÇ‡∏õ‡∏£‡∏ï‡∏µ‡∏ô‡πÑ‡∏Ç‡πà‡∏Ç‡∏≤‡∏ß ‡πÑ‡∏£‡πâ‡πÅ‡∏õ‡πâ‡∏á (‡∏´‡∏°‡∏µ‡πà/‡∏£‡∏≤‡πÄ‡∏°‡∏ô) (100‡∏Å.x6‡∏ã‡∏≠‡∏á) ‡∏Ñ‡∏•‡∏µ‡∏ô ‡∏Ñ‡∏µ‡πÇ‡∏ï ‡∏ú‡∏π‡πâ‡∏™‡∏π‡∏á‡∏≠‡∏≤‡∏¢‡∏∏ ‡∏ú‡∏π‡πâ‡∏õ‡πà‡∏ß‡∏¢ ‡πÇ‡∏£‡∏Ñ‡πÑ‡∏ï ‡∏°‡∏∞‡πÄ‡∏£‡πá‡∏á ‡πÄ‡∏ö‡∏≤‡∏´‡∏ß‡∏≤‡∏ô ‡πÄ‡∏™‡πâ‡∏ô‡πÑ‡∏Ç‡πà‡∏Ç‡∏≤‡∏ß ‡πÄ‡∏™‡πâ‡∏ô‡∏´‡∏°‡∏µ‡πà‡∏Ñ‡∏µ‡πÇ‡∏ï ‡πÑ‡∏Ç‡πà‡∏Ç‡∏≤‡∏ß keto,"‡πÄ‡∏™‡πâ‡∏ô‡πÑ‡∏Ç‡πà‡∏Ç‡∏≤‡∏ß, ‡πÇ‡∏õ‡∏£‡∏ï‡∏µ‡∏ô‡πÑ‡∏Ç‡πà‡∏Ç‡∏≤‡∏ß",‡∏õ‡∏ó‡∏∏‡∏°‡∏ò‡∏≤‡∏ô‡∏µ,5.0,10,34 ‡∏ä‡∏¥‡πâ‡∏ô,"‡πÄ‡∏™‡πâ‡∏ô‡∏´‡∏°‡∏µ‡πà, ‡πÄ‡∏™‡πâ‡∏ô‡∏£‡∏≤‡πÄ‡∏°‡∏ô",474,439,7%,Care Corner and More,,lazada,4819824428,100467440557
https://www.lazada.co.th/products/eggyday-100g-7-i4440155386.html,Eggyday ‡πÄ‡∏™‡πâ‡∏ô‡∏£‡∏≤‡πÄ‡∏°‡∏ô‡πÇ‡∏õ‡∏£‡∏ï‡∏µ‡∏ô‡πÑ‡∏Ç‡πà‡∏Ç‡∏≤‡∏ß 100g ‡∏à‡∏≥‡∏ô‡∏ß‡∏ô 7 ‡∏ã‡∏≠‡∏á,‡πÇ‡∏õ‡∏£‡∏ï‡∏µ‡∏ô‡πÑ‡∏Ç‡πà‡∏Ç‡∏≤‡∏ß,‡∏™‡∏°‡∏∏‡∏ó‡∏£‡∏õ‡∏£‡∏≤‡∏Å‡∏≤‡∏£,5.0,13,39 ‡∏ä‡∏¥‡πâ‡∏ô,,553,499,10%,Happyshoppingofficial,,lazada,4440155386,100183137045
https://www.lazada.co.th/products/100-i4744155789.html,‡πÄ‡∏™‡πâ‡∏ô‡πÑ‡∏Ç‡πà‡∏Ç‡∏≤‡∏ß (‡∏´‡∏¢‡∏Å‡πÑ‡∏Ç‡πà ‡∏ö‡∏•‡πä‡∏≠‡∏Ñ‡πÇ‡∏Ñ‡∏•‡∏µ‡πà)100‡∏Å‡∏£‡∏±‡∏°,‡πÄ‡∏™‡πâ‡∏ô‡πÑ‡∏Ç‡πà‡∏Ç‡∏≤‡∏ß,‡πÄ‡∏ä‡∏µ‡∏¢‡∏á‡πÉ‡∏´‡∏°‡πà,5.0,2,15 ‡∏ä‡∏¥‡πâ‡∏ô,,59,59,,Rainny Keto002,,lazada,4744155789,100429872942
https://www.lazada.co.th/products/nimnim-100-i3938110835.html,‡πÄ‡∏™‡πâ‡∏ô‡πÑ‡∏Ç‡πà‡∏Ç‡∏≤‡∏ß ‡πÄ‡∏™‡πâ‡∏ô‡∏´‡∏°‡∏µ‡πà‡πÑ‡∏Ç‡πà‡∏Ç‡∏≤‡∏ß ‡πÄ‡∏™‡πâ‡∏ô‡∏™‡∏õ‡∏≤‡πÄ‡∏Å‡πá‡∏ï‡∏ï‡∏µ‡πâ‡πÑ‡∏Ç‡πà‡∏Ç‡∏≤‡∏ß ‡πÄ‡∏™‡πâ‡∏ô‡∏Ñ‡∏µ‡πÇ‡∏ï‡∏ô nimnim ‡∏ô‡∏¥‡πà‡∏°‡∏ô‡∏¥‡πà‡∏° ‡∏•‡πá‡∏≠‡∏ï‡πÉ‡∏´‡∏°‡πà ‡πÄ‡∏™‡πâ‡∏ô‡πÑ‡∏Ç‡πà‡∏Ç‡∏≤‡∏ß 100% ‡πÇ‡∏õ‡∏£‡∏ï‡∏µ‡∏ô‡πÅ‡∏ô‡πà‡∏ô,"‡πÄ‡∏™‡πâ‡∏ô‡πÑ‡∏Ç‡πà‡∏Ç‡∏≤‡∏ß, ‡πÄ‡∏™‡πâ‡∏ô‡∏´‡∏°‡∏µ‡πà‡πÑ‡∏Ç‡πà‡∏Ç‡∏≤‡∏ß",‡∏Å‡∏£‡∏∏‡∏á‡πÄ‡∏ó‡∏û‡∏°‡∏´‡∏≤‡∏ô‡∏Ñ‡∏£,4.975,40,365 ‡∏ä‡∏¥‡πâ‡∏ô,"‡πÄ‡∏™‡πâ‡∏ô‡∏™‡∏õ‡∏≤‡πÄ‡∏Å‡πá‡∏ï‡∏ï‡∏µ‡πâ‡πÑ‡∏Ç‡πà‡∏Ç‡∏≤‡∏ß, ‡πÄ‡∏™‡πâ‡∏ô‡πÑ‡∏Ç‡πà‡∏Ç‡∏≤‡∏ß, ‡πÄ‡∏™‡πâ‡∏ô‡∏´‡∏°‡∏µ‡πà‡πÑ‡∏Ç‡πà‡∏Ç‡∏≤‡∏ß",85,75,12%,HealthyPro,,lazada,3938110835,100206366175
https://www.lazada.co.th/products/eggyday-100g-7-i4440172758.html,Eggyday ‡πÄ‡∏™‡πâ‡∏ô‡∏´‡∏°‡∏µ‡πà‡πÇ‡∏õ‡∏£‡∏ï‡∏µ‡∏ô‡πÑ‡∏Ç‡πà‡∏Ç‡∏≤‡∏ß 100g 7 ‡∏ã‡∏≠‡∏á,"‡πÇ‡∏õ‡∏£‡∏ï‡∏µ‡∏ô‡πÑ‡∏Ç‡πà‡∏Ç‡∏≤‡∏ß, ‡πÄ‡∏™‡πâ‡∏ô‡∏´‡∏°‡∏µ‡πà‡πÇ‡∏õ‡∏£‡∏ï‡∏µ‡∏ô‡πÑ‡∏Ç‡πà‡∏Ç‡∏≤‡∏ß",‡∏™‡∏°‡∏∏‡∏ó‡∏£‡∏õ‡∏£‡∏≤‡∏Å‡∏≤‡∏£,5.0,14,41 ‡∏ä‡∏¥‡πâ‡∏ô,,553,499,10%,Happyshoppingofficial,,lazada,4440172758,100183137045
https://www.lazada.co.th/products/eggyday-100-i5212203277.html,Eggyday ‡πÄ‡∏™‡πâ‡∏ô‡πÑ‡∏Ç‡πà‡∏Ç‡∏≤‡∏ß‡πÑ‡∏£‡πâ‡πÅ‡∏õ‡πâ‡∏á ‡πÄ‡∏™‡πâ‡∏ô‡∏£‡∏≤‡πÄ‡∏°‡∏ô ‡πÄ‡∏™‡πâ‡∏ô‡∏´‡∏°‡∏µ‡πà ‡πÄ‡∏™‡πâ‡∏ô‡πÇ‡∏õ‡∏£‡∏ï‡∏µ‡∏ô‡πÑ‡∏Ç‡πà‡∏Ç‡∏≤‡∏ß ‡∏Ç‡πâ‡∏≤‡∏ß‡πÑ‡∏Ç‡πà‡∏Ç‡∏≤‡∏ß ‡∏Ç‡∏ô‡∏≤‡∏î100‡∏Å‡∏£‡∏±‡∏° ‡πÑ‡∏°‡πà‡∏°‡∏µ‡πÅ‡∏õ‡πâ‡∏á ‡πÑ‡∏°‡πà‡∏°‡∏µ‡∏ô‡πâ‡∏≥‡∏ï‡∏≤‡∏•,"‡πÄ‡∏™‡πâ‡∏ô‡πÑ‡∏Ç‡πà‡∏Ç‡∏≤‡∏ß, ‡πÇ‡∏õ‡∏£‡∏ï‡∏µ‡∏ô‡πÑ‡∏Ç‡πà‡∏Ç‡∏≤‡∏ß, ‡∏Ç‡πâ‡∏≤‡∏ß‡πÑ‡∏Ç‡πà‡∏Ç‡∏≤‡∏ß",‡∏Å‡∏£‡∏∏‡∏á‡πÄ‡∏ó‡∏û‡∏°‡∏´‡∏≤‡∏ô‡∏Ñ‡∏£,,,,"‡πÄ‡∏™‡πâ‡∏ô‡∏£‡∏≤‡πÄ‡∏°‡∏ô‡πÑ‡∏Ç‡πà‡∏Ç‡∏≤‡∏ß, ‡πÄ‡∏™‡πâ‡∏ô‡∏´‡∏°‡∏µ‡πà ‡πÑ‡∏Ç‡πà‡∏Ç‡∏≤‡∏ß, ‡∏Ç‡πâ‡∏≤‡∏ß‡πÑ‡∏Ç‡πà‡∏Ç‡∏≤‡∏ß",89,79,11%,Smiledrops,,lazada,5212203277,6294
https://www.lazada.co.th/products/eggyday-eggy01-100-keto-egg-white-noodles-i4968815372.html,Eggyday ‡πÄ‡∏™‡πâ‡∏ô‡πÇ‡∏õ‡∏£‡∏ï‡∏µ‡∏ô‡πÑ‡∏Ç‡πà‡∏Ç‡∏≤‡∏ß ‡πÄ‡∏™‡πâ‡∏ô‡∏´‡∏°‡∏µ‡πà‡πÑ‡∏Ç‡πà‡∏Ç‡∏≤‡∏ß‡πÑ‡∏£‡πâ‡πÅ‡∏õ‡πâ‡∏á (Eggy01) 100‡∏Å‡∏£‡∏±‡∏° ‡πÑ‡∏°‡πà‡∏°‡∏µ‡πÅ‡∏õ‡πâ‡∏á ‡πÑ‡∏°‡πà‡∏°‡∏µ‡∏ô‡πâ‡∏≥‡∏ï‡∏≤‡∏• ‡πÄ‡∏™‡πâ‡∏ô‡∏Ñ‡∏µ‡πÇ‡∏ï ‡πÇ‡∏õ‡∏£‡∏ï‡∏µ‡∏ô‡∏™‡∏π‡∏á ‡∏Ñ‡∏•‡∏µ‡∏ô ‡∏Ñ‡∏µ‡πÇ‡∏ï ‡πÄ‡∏™‡πâ‡∏ô‡πÄ‡∏û‡∏∑‡πà‡∏≠‡∏™‡∏∏‡∏Ç‡∏†‡∏≤‡∏û keto Egg White Noodles,"‡πÇ‡∏õ‡∏£‡∏ï‡∏µ‡∏ô‡πÑ‡∏Ç‡πà‡∏Ç‡∏≤‡∏ß, ‡πÄ‡∏™‡πâ‡∏ô‡∏´‡∏°‡∏µ‡πà‡πÑ‡∏Ç‡πà‡∏Ç‡∏≤‡∏ß",‡∏Å‡∏£‡∏∏‡∏á‡πÄ‡∏ó‡∏û‡∏°‡∏´‡∏≤‡∏ô‡∏Ñ‡∏£,5.0,4,33 ‡∏ä‡∏¥‡πâ‡∏ô,,95,79,17%,Webspt,mall,lazada,4968815372,1000193774
https://www.lazada.co.th/products/100-i4744016810.html,‡πÄ‡∏™‡πâ‡∏ô‡πÑ‡∏Ç‡πà‡∏Ç‡∏≤‡∏ß (‡πÄ‡∏™‡πâ‡∏ô‡∏≠‡∏∏‡∏î‡πâ‡∏á) 100‡∏Å‡∏£‡∏±‡∏°,‡πÄ‡∏™‡πâ‡∏ô‡πÑ‡∏Ç‡πà‡∏Ç‡∏≤‡∏ß,‡πÄ‡∏ä‡∏µ‡∏¢‡∏á‡πÉ‡∏´‡∏°‡πà,5.0,5,31 ‡∏ä‡∏¥‡πâ‡∏ô,,49,49,,Rainny Keto002,,lazada,4744016810,100429872942
https://www.lazada.co.th/products/eggyday-100g-keto-3-i3138500029.html,eggyday ‡πÄ‡∏™‡πâ‡∏ô‡∏´‡∏°‡∏µ‡πà‡πÑ‡∏Ç‡πà‡∏Ç‡∏≤‡∏ß 100g  ‡πÇ‡∏õ‡∏£‡∏ï‡∏µ‡∏ô‡∏™‡∏π‡∏á ‡∏≠‡∏£‡πà‡∏≠‡∏¢ ‡πÑ‡∏°‡πà‡∏Ñ‡∏≤‡∏ß ‡πÑ‡∏£‡πâ‡πÅ‡∏õ‡πâ‡∏á Keto ‡∏û‡∏£‡πâ‡∏≠‡∏°‡∏ó‡∏≤‡∏ô ‡πÄ‡∏ó‡∏µ‡∏¢‡∏ö‡πÄ‡∏ó‡πà‡∏≤‡πÑ‡∏Ç‡πà‡∏Ç‡∏≤‡∏ß 3 ‡∏ü‡∏≠‡∏á ‡πÄ‡∏û‡∏∑‡πà‡∏≠‡∏™‡∏∏‡∏Ç‡∏†‡∏≤‡∏û,‡πÄ‡∏™‡πâ‡∏ô‡∏´‡∏°‡∏µ‡πà‡πÑ‡∏Ç‡πà‡∏Ç‡∏≤‡∏ß,‡∏Å‡∏£‡∏∏‡∏á‡πÄ‡∏ó‡∏û‡∏°‡∏´‡∏≤‡∏ô‡∏Ñ‡∏£,4.903225806451613,31,189 ‡∏ä‡∏¥‡πâ‡∏ô,,79,79,,Eggyday Store,,lazada,3138500029,100195518243
https://www.lazada.co.th/products/-i3112490671.html,‡πÄ‡∏™‡πâ‡∏ô‡πÑ‡∏Ç‡πà‡∏Ç‡∏≤‡∏ß‡∏™‡∏õ‡∏≤‡πÄ‡∏Å‡∏ï‡∏ï‡∏µ‡πâ,‡πÄ‡∏™‡πâ‡∏ô‡πÑ‡∏Ç‡πà‡∏Ç‡∏≤‡∏ß,‡∏¢‡∏∞‡∏•‡∏≤,4.888888888888889,8,72 ‡∏ä‡∏¥‡πâ‡∏ô,,79,79,,Thank you keto,,lazada,3112490671,100139116
https://www.lazada.co.th/products/100-i5064659212.html,‡πÄ‡∏™‡πâ‡∏ô‡πÑ‡∏Ç‡πà‡∏Ç‡∏≤‡∏ß 100 ‡∏Å‡∏£‡∏±‡∏° ‡πÄ‡∏™‡πâ‡∏ô‡∏´‡∏°‡∏µ‡πà ‡πÄ‡∏™‡πâ‡∏ô‡∏£‡∏≤‡πÄ‡∏°‡∏ô,‡πÄ‡∏™‡πâ‡∏ô‡πÑ‡∏Ç‡πà‡∏Ç‡∏≤‡∏ß,‡∏ô‡∏ô‡∏ó‡∏ö‡∏∏‡∏£‡∏µ,,,,"‡πÄ‡∏™‡πâ‡∏ô‡∏£‡∏≤‡πÄ‡∏°‡∏ô‡πÑ‡∏Ç‡πà‡∏Ç‡∏≤‡∏ß, ‡πÄ‡∏™‡πâ‡∏ô‡∏´‡∏°‡∏µ‡πà‡πÑ‡∏Ç‡πà‡∏Ç‡∏≤‡∏ß",79,79,,Vhome Healthy Shop,,lazada,5064659212,100193424660
https://www.lazada.co.th/products/eggyday-eggy02-100-keto-egg-white-noodles-i4968827376.html,Eggyday ‡πÄ‡∏™‡πâ‡∏ô‡πÇ‡∏õ‡∏£‡∏ï‡∏µ‡∏ô‡πÑ‡∏Ç‡πà‡∏Ç‡∏≤‡∏ß ‡πÄ‡∏™‡πâ‡∏ô‡∏£‡∏≤‡πÄ‡∏°‡∏ô‡πÑ‡∏Ç‡πà‡∏Ç‡∏≤‡∏ß (Eggy02) ‡∏Ç‡∏ô‡∏≤‡∏î100‡∏Å‡∏£‡∏±‡∏° ‡πÑ‡∏°‡πà‡∏°‡∏µ‡πÅ‡∏õ‡πâ‡∏á ‡πÑ‡∏°‡πà‡∏°‡∏µ‡∏ô‡πâ‡∏≥‡∏ï‡∏≤‡∏• ‡πÄ‡∏™‡πâ‡∏ô‡∏Ñ‡∏µ‡πÇ‡∏ï ‡πÇ‡∏õ‡∏£‡∏ï‡∏µ‡∏ô‡∏™‡∏π‡∏á ‡∏Ñ‡∏•‡∏µ‡∏ô ‡∏Ñ‡∏µ‡πÇ‡∏ï ‡πÄ‡∏™‡πâ‡∏ô‡πÄ‡∏û‡∏∑‡πà‡∏≠‡∏™‡∏∏‡∏Ç‡∏†‡∏≤‡∏û keto Egg White Noodles,‡πÇ‡∏õ‡∏£‡∏ï‡∏µ‡∏ô‡πÑ‡∏Ç‡πà‡∏Ç‡∏≤‡∏ß,‡∏Å‡∏£‡∏∏‡∏á‡πÄ‡∏ó‡∏û‡∏°‡∏´‡∏≤‡∏ô‡∏Ñ‡∏£,5.0,5,22 ‡∏ä‡∏¥‡πâ‡∏ô,,95,79,17%,Webspt,mall,lazada,4968827376,1000193774
https://www.lazada.co.th/products/keto-i4326943795.html,KETO ‡∏£‡∏ß‡∏°‡πÄ‡∏™‡πâ‡∏ô‡∏Ñ‡∏µ‡πÇ‡∏ï ‡∏ï‡πà‡∏≤‡∏á‡πÜ‡πÄ‡∏™‡πâ‡∏ô‡πÑ‡∏Ç‡πà‡∏Ç‡∏≤‡∏ß ‡πÇ‡∏à‡πä‡∏Å ‡∏Ñ‡∏µ‡πÇ‡∏ï ‡∏ß‡∏∏‡πâ‡∏ô‡πÄ‡∏™‡πâ‡∏ô‡∏Ñ‡∏µ‡πÇ‡∏ï ‡∏ß‡∏∏‡πâ‡∏ô‡πÄ‡∏™‡πâ‡∏ô‡∏ô‡πâ‡∏≥‡∏°‡∏∞‡∏û‡∏£‡πâ‡∏≤‡∏ß  ‡πÄ‡∏™‡πâ‡∏ô‡∏´‡∏°‡∏µ‡πà‡∏Ñ‡∏µ‡πÇ‡∏ï ‡πÑ‡∏Ç‡πà‡∏°‡∏∏‡∏Å‡∏Ñ‡∏µ‡πÇ‡∏ï ‡πÄ‡∏™‡πâ‡∏ô‡∏ö‡∏∏‡∏Å,‡πÄ‡∏™‡πâ‡∏ô‡πÑ‡∏Ç‡πà‡∏Ç‡∏≤‡∏ß,‡∏™‡∏á‡∏Ç‡∏•‡∏≤,4.666666666666667,6,100 ‡∏ä‡∏¥‡πâ‡∏ô,"‡∏ß‡∏∏‡πâ‡∏ô‡πÄ‡∏™‡πâ‡∏ô‡∏Ñ‡∏µ‡πÇ‡∏ï, ‡πÇ‡∏à‡πä‡∏Å‡∏Ñ‡∏µ‡πÇ‡∏ï, ‡πÄ‡∏™‡πâ‡∏ô‡∏™‡∏õ‡∏≤‡πÄ‡∏Å‡∏ï‡∏ï‡∏µ‡πâNimNim, ‡∏ß‡∏™.‡∏ô‡πâ‡∏≥‡∏°‡∏∞‡∏û‡∏£‡πâ‡∏≤‡∏ß(‡πÄ‡∏´‡∏•‡∏∑‡∏≠‡∏á, ‡∏ß‡∏™.‡∏ô‡πâ‡∏≥‡∏°‡∏∞‡∏û‡∏£‡πâ‡∏≤‡∏ß(‡∏ü‡πâ‡∏≤), ‡∏ß‡∏™.‡∏ô‡πâ‡∏≥‡∏°‡∏∞‡∏û‡∏£‡πâ‡∏≤‡∏ß(‡∏ä‡∏°‡∏û‡∏π), ‡∏ß‡∏™.‡∏ô‡πâ‡∏≥‡∏°‡∏∞‡∏û‡∏£‡πâ‡∏≤‡∏ß(‡πÄ‡∏Ç‡∏µ‡∏¢‡∏ß), ‡∏ß‡∏™.‡∏ô‡πâ‡∏≥‡∏°‡∏∞‡∏û‡∏£‡πâ‡∏≤‡∏ß(‡∏°‡πà‡∏ß‡∏á), ‡πÑ‡∏Ç‡πà‡∏°‡∏∏‡∏Å‡∏ô‡πâ‡∏≥‡∏°‡∏∞‡∏û‡∏£‡πâ‡∏≤‡∏ß, ‡πÑ‡∏Ç‡πà‡∏°‡∏∏‡∏Å‡∏Å‡∏•‡∏¥‡πà‡∏ô‡∏ö‡∏£‡∏≤‡∏ß‡∏ä‡∏π‡∏Å‡πâ‡∏≤, ‡πÑ‡∏Ç‡πà‡∏°‡∏∏‡∏Å‡∏ô.‡∏û‡∏£‡πâ‡∏≤‡∏ß+‡πÑ‡∏ã‡∏£‡∏±‡∏õ, ‡πÇ‡∏à‡πä‡∏Å‡∏Å‡∏∞‡∏´‡∏•‡πà‡∏≥‡∏£‡∏™‡∏Å‡∏∏‡πâ‡∏á, ‡πÇ‡∏à‡πä‡∏Å‡∏Å‡∏∞‡∏´‡∏•‡πà‡∏≥‡∏£‡∏™‡πÑ‡∏Å‡πà",45,43,4%,Mumil Keto Halal,,lazada,4326943795,1000145579
https://www.lazada.co.th/products/keto-eggyday-3-100g-i5077827136.html,üçúü•¢KETO ‡πÄ‡∏™‡πâ‡∏ô‡∏£‡∏≤‡πÄ‡∏°‡∏ô‡πÑ‡∏Ç‡πà‡∏Ç‡∏≤‡∏ß ‡πÄ‡∏™‡πâ‡∏ô‡∏´‡∏°‡∏µ‡πà‡πÑ‡∏Ç‡πà‡∏Ç‡∏≤‡∏ß üçö ‡∏Ç‡πâ‡∏≤‡∏ß‡πÑ‡∏Ç‡πà‡∏Ç‡∏≤‡∏ß Eggyday ‚ú®‡πÑ‡∏£‡πâ‡πÅ‡∏õ‡πâ‡∏á ‡πÑ‡∏£‡πâ‡∏ô‡πâ‡∏≥‡∏ï‡∏≤‡∏• ‡πÇ‡∏õ‡∏£‡∏ï‡∏µ‡∏ô‡∏™‡∏π‡∏á = ‡πÑ‡∏Ç‡πà‡∏Ç‡∏≤‡∏ß 3 ‡∏ü‡∏≠‡∏á‚ú® ‡∏Ç‡∏ô‡∏≤‡∏î 100g ‡∏û‡∏£‡πâ‡∏≠‡∏°‡∏£‡∏±‡∏ö‡∏õ‡∏£‡∏∞‡∏ó‡∏≤‡∏ô üî∞ ‡∏â‡∏µ‡∏Å‡∏ã‡∏≠‡∏á‡∏ó‡∏≤‡∏ô‡πÑ‡∏î‡πâ‡πÄ‡∏•‡∏¢ ‡∏ó‡∏≤‡∏ô‡∏á‡πà‡∏≤‡∏¢ ‡∏Ñ‡∏µ‡πÇ‡∏ï‡∏ó‡∏≤‡∏ô‡πÑ‡∏î‡πâ ‡∏•‡∏î‡∏ô‡πâ‡∏≥‡∏´‡∏ô‡∏±‡∏Å ‡∏•‡∏î‡∏´‡∏∏‡πà‡∏ô‡∏ó‡∏≤‡∏ô‡πÑ‡∏î‡πâ,"‡πÄ‡∏™‡πâ‡∏ô‡∏´‡∏°‡∏µ‡πà‡πÑ‡∏Ç‡πà‡∏Ç‡∏≤‡∏ß, ‡∏Ç‡πâ‡∏≤‡∏ß‡πÑ‡∏Ç‡πà‡∏Ç‡∏≤‡∏ß",‡∏Å‡∏£‡∏∏‡∏á‡πÄ‡∏ó‡∏û‡∏°‡∏´‡∏≤‡∏ô‡∏Ñ‡∏£,5.0,3,9 ‡∏ä‡∏¥‡πâ‡∏ô,"‡πÄ‡∏™‡πâ‡∏ô‡∏£‡∏≤‡πÄ‡∏°‡∏ô‡πÑ‡∏Ç‡πà‡∏Ç‡∏≤‡∏ß, ‡πÄ‡∏™‡πâ‡∏ô‡∏´‡∏°‡∏µ‡πà‡πÑ‡∏Ç‡πà‡∏Ç‡∏≤‡∏ß, ‡∏Ç‡πâ‡∏≤‡∏ß‡πÑ‡∏Ç‡πà‡∏Ç‡∏≤‡∏ß",89,74,17%,No.1 Sausage,,lazada,5077827136,100194504235
https://www.lazada.co.th/products/nim-nim-keto-100g-4-i4471343861.html,Nim  Nim ‡πÄ‡∏™‡πâ‡∏ô‡πÑ‡∏Ç‡πà‡∏Ç‡∏≤‡∏ß KETO (‡∏ô‡πâ‡∏≥‡∏´‡∏ô‡∏±‡∏Å‡πÄ‡∏™‡πâ‡∏ô 100g.) ‡πÄ‡∏™‡πâ‡∏ô‡∏û‡∏£‡πâ‡∏≠‡∏°‡∏ó‡∏≤‡∏ô ‡∏°‡∏µ 4 ‡πÅ‡∏ö‡∏ö‡πÉ‡∏´‡πâ‡πÄ‡∏•‡∏∑‡∏≠‡∏Å,‡πÄ‡∏™‡πâ‡∏ô‡πÑ‡∏Ç‡πà‡∏Ç‡∏≤‡∏ß,‡πÄ‡∏ä‡∏µ‡∏¢‡∏á‡πÉ‡∏´‡∏°‡πà,5.0,75,578 ‡∏ä‡∏¥‡πâ‡∏ô,"‡πÄ‡∏™‡πâ‡∏ô‡πÑ‡∏Ç‡πà‡∏Ç‡∏≤‡∏ß, ‡πÄ‡∏™‡πâ‡∏ô‡∏´‡∏°‡∏µ‡πà, ‡πÄ‡∏™‡πâ‡∏ô‡∏™‡∏õ‡∏≤‡πÄ‡∏Å‡∏ï‡∏ï‡∏µ‡πâ, ‡πÑ‡∏Ç‡πà‡∏°‡∏∏‡∏Å‡πÑ‡∏Ç‡πà‡∏Ç‡∏≤‡∏ß",96,74,23%,greenpea organic shop,,lazada,4471343861,100006971
https://www.lazada.co.th/products/100-i4743082622.html,‡πÄ‡∏™‡πâ‡∏ô‡πÑ‡∏Ç‡πà‡∏Ç‡∏≤‡∏ß (‡πÄ‡∏™‡πâ‡∏ô‡∏´‡∏°‡∏µ‡πà)  ‡∏ñ‡∏∏‡∏á‡πÄ‡∏•‡πá‡∏Å 100‡∏Å‡∏£‡∏±‡∏°,‡πÄ‡∏™‡πâ‡∏ô‡πÑ‡∏Ç‡πà‡∏Ç‡∏≤‡∏ß,‡πÄ‡∏ä‡∏µ‡∏¢‡∏á‡πÉ‡∏´‡∏°‡πà,5.0,2,8 ‡∏ä‡∏¥‡πâ‡∏ô,,55,55,,Rainny Keto002,,lazada,4743082622,100429872942
https://www.lazada.co.th/products/pfp-100-i4072575121.html,‡πÄ‡∏™‡πâ‡∏ô‡πÑ‡∏Ç‡πà‡∏Ç‡∏≤‡∏ß PFP 100 ‡∏Å‡∏£‡∏±‡∏°,‡πÄ‡∏™‡πâ‡∏ô‡πÑ‡∏Ç‡πà‡∏Ç‡∏≤‡∏ß,‡∏Å‡∏£‡∏∏‡∏á‡πÄ‡∏ó‡∏û‡∏°‡∏´‡∏≤‡∏ô‡∏Ñ‡∏£,,,,,85,75,12%,PMQ FOODS,,lazada,4072575121,100189029172
https://www.lazada.co.th/products/keto-i309610632.html,Keto ‡∏£‡∏ß‡∏°‡πÄ‡∏™‡πâ‡∏ô‡∏Ñ‡∏µ‡πÇ‡∏ï ‡πÄ‡∏™‡πâ‡∏ô‡∏ö‡∏∏‡∏Å ‡∏ö‡∏∏‡∏Å‡∏Ç‡πâ‡∏≤‡∏ß ‡πÄ‡∏™‡πâ‡∏ô‡πÑ‡∏Ç‡πà‡∏Ç‡∏≤‡∏ß,‡πÄ‡∏™‡πâ‡∏ô‡πÑ‡∏Ç‡πà‡∏Ç‡∏≤‡∏ß,‡πÄ‡∏ä‡∏µ‡∏¢‡∏á‡πÉ‡∏´‡∏°‡πà,4.882352941176471,34,518 ‡∏ä‡∏¥‡πâ‡∏ô,"Nim ‡πÄ‡∏™‡πâ‡∏ô‡πÑ‡∏Ç‡πà‡∏Ç‡∏≤‡∏ß, Nim ‡πÄ‡∏™‡πâ‡∏ô‡∏´‡∏°‡∏µ‡πà‡πÑ‡∏Ç‡πà‡∏Ç‡∏≤‡∏ß, Nim ‡πÄ‡∏™‡πâ‡∏ô‡∏™‡∏õ‡∏≤‡πÄ‡∏Å‡∏ï‡∏ï‡∏µ‡πâ‡πÑ‡∏Ç‡πà, Moku ‡∏ö‡∏∏‡∏Å‡πÄ‡∏™‡πâ‡∏ô‡∏Å‡∏•‡∏°, Moku ‡∏ö‡∏∏‡∏Å‡πÄ‡∏™‡πâ‡∏ô‡∏™‡∏±‡πâ‡∏ô, Moku ‡∏ö‡∏∏‡∏Å‡πÄ‡∏™‡πâ‡∏ô‡πÄ‡∏Ç‡∏µ‡∏¢‡∏ß‡∏Ç‡∏≤‡∏ß, Moku ‡∏ö‡∏∏‡∏Å‡∏£‡∏π‡∏õ‡∏Ç‡πâ‡∏≤‡∏ß, Moku ‡∏ö‡∏∏‡∏Å‡∏Ç‡πâ‡∏≤‡∏ß‡∏°‡∏£‡∏Å‡∏ï, Moku ‡∏ö‡∏∏‡∏Å‡πÄ‡∏™‡πâ‡∏ô‡∏Å‡∏•‡∏°100g., Moku ‡πÄ‡∏™‡πâ‡∏ô‡πÉ‡∏´‡∏ç‡πà‡πÇ‡∏≠‡πä‡∏ï‡πÑ‡∏ü‡πÄ‡∏ö‡∏≠‡∏£‡πå 100g., Moku ‡∏™‡∏õ‡∏≤‡πÄ‡∏Å‡∏ï‡∏ï‡∏µ‡πâ‡πÇ‡∏≠‡πä‡∏ï‡πÑ‡∏ü‡πÄ‡∏ö‡∏≠‡∏£‡πå 100g., Moku ‡∏ö‡∏∞‡∏´‡∏°‡∏µ‡πà‡πÇ‡∏≠‡πä‡∏ï‡πÑ‡∏ü‡πÄ‡∏ö‡∏≠‡∏£‡πå100g., Moki‡πÄ‡∏™‡πâ‡∏ô‡πÅ‡∏ö‡∏ô‡πÇ‡∏≠‡πä‡∏ï200g., Moki ‡∏™‡∏õ‡∏≤‡πÄ‡∏Å‡∏ï‡∏ï‡∏µ‡πâ‡πÇ‡∏≠‡πä‡∏ï200g., Moki ‡∏ö‡∏∞‡∏´‡∏°‡∏µ‡πà‡πÇ‡∏≠‡πä‡∏ï200g.",55,25,55%,greenpea organic shop,,lazada,309610632,100006971
https://www.lazada.co.th/products/eggyday-100-g-6-12-i5042485470.html,Eggyday ‡πÄ‡∏™‡πâ‡∏ô‡∏´‡∏°‡∏µ‡πà‡πÇ‡∏õ‡∏£‡∏ï‡∏µ‡∏ô‡πÑ‡∏Ç‡πà‡∏Ç‡∏≤‡∏ß ‡∏û‡∏£‡πâ‡∏≠‡∏°‡∏£‡∏±‡∏ö‡∏õ‡∏£‡∏∞‡∏ó‡∏≤‡∏ô 100 g ‡πÄ‡∏ã‡∏ï 6 ‡∏ã‡∏≠‡∏á ‡πÅ‡∏•‡∏∞ 12 ‡∏ã‡∏≠‡∏á ‡∏≠‡∏≤‡∏´‡∏≤‡∏£‡∏Ñ‡∏ô‡πÑ‡∏Ç‡πâ‡πÇ‡∏£‡∏Ñ‡πÑ‡∏ï,"‡πÇ‡∏õ‡∏£‡∏ï‡∏µ‡∏ô‡πÑ‡∏Ç‡πà‡∏Ç‡∏≤‡∏ß, ‡πÄ‡∏™‡πâ‡∏ô‡∏´‡∏°‡∏µ‡πà‡πÇ‡∏õ‡∏£‡∏ï‡∏µ‡∏ô‡πÑ‡∏Ç‡πà‡∏Ç‡∏≤‡∏ß",‡∏Å‡∏£‡∏∏‡∏á‡πÄ‡∏ó‡∏û‡∏°‡∏´‡∏≤‡∏ô‡∏Ñ‡∏£,5.0,1,,,474,449,5%,Feel A Life Shop,,lazada,5042485470,100157246
https://www.lazada.co.th/products/eggyday-100g-i4838733624.html,Eggyday ‡πÄ‡∏™‡πâ‡∏ô‡∏´‡∏°‡∏µ‡πà‡πÑ‡∏Ç‡πà‡∏Ç‡∏≤‡∏ß ‡πÄ‡∏™‡πâ‡∏ô‡∏£‡∏≤‡πÄ‡∏°‡∏ô‡πÑ‡∏Ç‡πà‡∏Ç‡∏≤‡∏ß ‡∏Ç‡∏ô‡∏≤‡∏î 100g. ‡πÑ‡∏°‡πà‡∏°‡∏µ‡∏ô‡πâ‡∏≥‡∏ï‡∏≤‡∏• ‡πÑ‡∏£‡πâ‡∏Å‡∏•‡∏π‡πÄ‡∏ï‡∏ô ‡πÑ‡∏£‡πâ‡πÅ‡∏õ‡πâ‡∏á ‡πÇ‡∏õ‡∏£‡∏ï‡∏µ‡∏ô‡∏™‡∏π‡∏á ‡∏â‡∏µ‡∏Å‡∏ã‡∏≠‡∏á‡∏ó‡∏≤‡∏ô‡πÑ‡∏î‡πâ‡∏ó‡∏±‡∏ô‡∏ó‡∏µ ‡∏Æ‡∏≤‡∏•‡∏≤‡∏•,‡πÄ‡∏™‡πâ‡∏ô‡∏´‡∏°‡∏µ‡πà‡πÑ‡∏Ç‡πà‡∏Ç‡∏≤‡∏ß,‡πÄ‡∏ä‡∏µ‡∏¢‡∏á‡πÉ‡∏´‡∏°‡πà,5.0,8,33 ‡∏ä‡∏¥‡πâ‡∏ô,"‡πÄ‡∏™‡πâ‡∏ô‡∏´‡∏°‡∏µ‡πà‡πÑ‡∏Ç‡πà‡∏Ç‡∏≤‡∏ß, ‡πÄ‡∏™‡πâ‡∏ô‡∏£‡∏≤‡πÄ‡∏°‡∏ô‡πÑ‡∏Ç‡πà‡∏Ç‡∏≤‡∏ß",115,79,31%,greenpea organic shop,,lazada,4838733624,100006971
https://www.lazada.co.th/products/sano-egg-white-fusilli-150g-500g-1000g-i5255914766.html,"SANO ‡∏ã‡∏≤‡πÇ‡∏ô‡πà ‡πÄ‡∏™‡πâ‡∏ô‡∏ü‡∏π‡∏ã‡∏¥‡∏•‡∏µ‡πà‡πÑ‡∏Ç‡πà‡∏Ç‡∏≤‡∏ß EGG WHITE FUSILLI ‡πÇ‡∏õ‡∏£‡∏ï‡∏µ‡∏ô‡πÑ‡∏Ç‡πà‡∏Ç‡∏≤‡∏ß ‡∏õ‡∏•‡∏≠‡∏î‡∏Å‡∏•‡∏π‡πÄ‡∏ï‡πá‡∏ô ‡∏Ç‡∏ô‡∏≤‡∏î 150g , 500g ‡πÅ‡∏•‡∏∞ 1,000g",‡πÇ‡∏õ‡∏£‡∏ï‡∏µ‡∏ô‡πÑ‡∏Ç‡πà‡∏Ç‡∏≤‡∏ß,‡∏Å‡∏£‡∏∏‡∏á‡πÄ‡∏ó‡∏û‡∏°‡∏´‡∏≤‡∏ô‡∏Ñ‡∏£,,,,"‡∏Ç‡∏ô‡∏≤‡∏î 150g - 1 ‡∏ñ‡∏∏‡∏á, ‡∏Ç‡∏ô‡∏≤‡∏î 150g - 3 ‡∏ñ‡∏∏‡∏á, ‡∏Ç‡∏ô‡∏≤‡∏î 500g - 1 ‡∏ñ‡∏∏‡∏á, ‡∏Ç‡∏ô‡∏≤‡∏î 1,000g - 1 ‡∏ñ‡∏∏‡∏á",435,420,3%,KassMedicare,,lazada,5255914766,100190484180
https://www.lazada.co.th/products/nimnim-i4270995028.html,‡πÄ‡∏™‡πâ‡∏ô‡∏´‡∏°‡∏µ‡πà‡πÑ‡∏Ç‡πà‡∏Ç‡∏≤‡∏ß‡∏ô‡∏¥‡πà‡∏°‡∏ô‡∏¥‡πà‡∏°‡πÑ‡∏£‡πâ‡πÅ‡∏õ‡πâ‡∏á ‡πÑ‡∏£‡πâ‡πÑ‡∏Ç‡∏°‡∏±‡∏ô Nimnim,‡πÄ‡∏™‡πâ‡∏ô‡∏´‡∏°‡∏µ‡πà‡πÑ‡∏Ç‡πà‡∏Ç‡∏≤‡∏ß,‡∏Å‡∏£‡∏∏‡∏á‡πÄ‡∏ó‡∏û‡∏°‡∏´‡∏≤‡∏ô‡∏Ñ‡∏£,5.0,4,40 ‡∏ä‡∏¥‡πâ‡∏ô,,85,81,5%,nimnim / nimnim (‡∏ô‡∏¥‡πà‡∏°‡∏ô‡∏¥‡πà‡∏°),mall,lazada,4270995028,100252083119
https://www.lazada.co.th/products/eggyday-3-100g-i5078915186.html,Eggyday 3‡∏´‡πà‡∏≠ ‡πÄ‡∏™‡πâ‡∏ô‡πÑ‡∏Ç‡πà‡∏Ç‡∏≤‡∏ß  ‡πÄ‡∏™‡πâ‡∏ô‡∏´‡∏°‡∏µ‡πà‡πÑ‡∏Ç‡πà‡∏Ç‡∏≤‡∏ß ‡πÄ‡∏™‡πâ‡∏ô‡∏£‡∏≤‡πÄ‡∏°‡∏ô‡πÑ‡∏Ç‡πà‡∏Ç‡∏≤‡∏ß ‡∏Ç‡∏ô‡∏≤‡∏î 100g. ‡πÑ‡∏°‡πà‡∏°‡∏µ‡∏ô‡πâ‡∏≥‡∏ï‡∏≤‡∏• ‡πÑ‡∏£‡πâ‡∏Å‡∏•‡∏π‡πÄ‡∏ï‡∏ô ‡πÑ‡∏£‡πâ‡πÅ‡∏õ‡πâ‡∏á ‡πÇ‡∏õ‡∏£‡∏ï‡∏µ‡∏ô‡∏™‡∏π‡∏á ‡∏â‡∏µ‡∏Å‡∏ã‡∏≠‡∏á‡∏ó‡∏≤‡∏ô‡πÑ‡∏î‡πâ‡∏ó‡∏±‡∏ô‡∏ó‡∏µ ‡∏Æ‡∏≤‡∏•‡∏≤‡∏•,"‡πÄ‡∏™‡πâ‡∏ô‡πÑ‡∏Ç‡πà‡∏Ç‡∏≤‡∏ß, ‡πÄ‡∏™‡πâ‡∏ô‡∏´‡∏°‡∏µ‡πà‡πÑ‡∏Ç‡πà‡∏Ç‡∏≤‡∏ß",‡πÄ‡∏ä‡∏µ‡∏¢‡∏á‡πÉ‡∏´‡∏°‡πà,,,,"‡πÄ‡∏™‡πâ‡∏ô‡∏´‡∏°‡∏µ‡πà‡πÑ‡∏Ç‡πà‡∏Ç‡∏≤‡∏ß, ‡πÄ‡∏™‡πâ‡∏ô‡∏£‡∏≤‡πÄ‡∏°‡∏ô‡πÑ‡∏Ç‡πà‡∏Ç‡∏≤‡∏ß",270,270,,greenpea organic shop,,lazada,5078915186,100006971
https://www.lazada.co.th/products/eggyday-100g-i4839075029.html,Eggyday ‡πÄ‡∏™‡πâ‡∏ô‡∏´‡∏°‡∏µ‡πà‡πÑ‡∏Ç‡πà‡∏Ç‡∏≤‡∏ß ‡πÄ‡∏™‡πâ‡∏ô‡∏£‡∏≤‡πÄ‡∏°‡∏ô‡πÑ‡∏Ç‡πà‡∏Ç‡∏≤‡∏ß ‡πÑ‡∏°‡πà‡∏°‡∏µ‡∏ô‡πâ‡∏≥‡∏ï‡∏≤‡∏• ‡πÑ‡∏£‡πâ‡∏Å‡∏•‡∏π‡πÄ‡∏ï‡∏ô ‡πÑ‡∏£‡πâ‡πÅ‡∏õ‡πâ‡∏á ‡πÇ‡∏õ‡∏£‡∏ï‡∏µ‡∏ô‡∏™‡∏π‡∏á  ‡∏Ç‡∏ô‡∏≤‡∏î 100g.,‡πÄ‡∏™‡πâ‡∏ô‡∏´‡∏°‡∏µ‡πà‡πÑ‡∏Ç‡πà‡∏Ç‡∏≤‡∏ß,‡πÄ‡∏ä‡∏µ‡∏¢‡∏á‡πÉ‡∏´‡∏°‡πà,5.0,2,,"‡πÄ‡∏™‡πâ‡∏ô‡∏´‡∏°‡∏µ‡πà‡πÑ‡∏Ç‡πà‡∏Ç‡∏≤‡∏ß, ‡πÄ‡∏™‡πâ‡∏ô‡∏£‡∏≤‡πÄ‡∏°‡∏ô‡πÑ‡∏Ç‡πà‡∏Ç‡∏≤‡∏ß",115,79,31%,‡∏≠‡∏≠‡∏£‡πå‡πÅ‡∏Å‡∏ô‡∏¥‡∏Ñ‡πÑ‡∏•‡∏ü‡πå  by Greenpea  ‡∏õ‡∏•‡∏µ‡∏Å-‡∏™‡πà‡∏á‡∏™‡∏¥‡∏ô‡∏Ñ‡πâ‡∏≤‡∏™‡∏∏‡∏Ç‡∏†‡∏≤‡∏û,,lazada,4839075029,100472544109
https://www.lazada.co.th/products/eggyday-100g-i5269380717.html,Eggyday ‡∏Ç‡πâ‡∏≤‡∏ß‡πÑ‡∏Ç‡πà‡∏Ç‡∏≤‡∏ß ‡πÑ‡∏Ç‡πà‡∏Ç‡∏≤‡∏ß‡∏£‡∏π‡∏õ‡∏Ç‡πâ‡∏≤‡∏ß ‡∏û‡∏£‡πâ‡∏≠‡∏°‡∏ó‡∏≤‡∏ô ‡πÑ‡∏£‡πâ‡πÅ‡∏õ‡πâ‡∏á ‡πÅ‡∏Ñ‡∏•‡πÄ‡∏ã‡∏µ‡∏¢‡∏°‡∏™‡∏π‡∏á ‡∏ö‡∏≥‡∏£‡∏∏‡∏á‡∏Å‡∏£‡∏∞‡∏î‡∏π‡∏Å ‡∏≠‡∏≤‡∏´‡∏≤‡∏£‡∏™‡∏∏‡∏Ç‡∏†‡∏≤‡∏û ‡∏Ñ‡∏µ‡πÇ‡∏ï ‡∏™‡∏≥‡∏´‡∏£‡∏±‡∏ö‡∏ó‡∏∏‡∏Å‡∏ß‡∏±‡∏¢ ‡∏ã‡∏≠‡∏á 100g,‡∏Ç‡πâ‡∏≤‡∏ß‡πÑ‡∏Ç‡πà‡∏Ç‡∏≤‡∏ß,‡∏Å‡∏£‡∏∏‡∏á‡πÄ‡∏ó‡∏û‡∏°‡∏´‡∏≤‡∏ô‡∏Ñ‡∏£,,,,,99,75,24%,Smile Keto,,lazada,5269380717,100197837311
https://www.lazada.co.th/products/nimnim-i4941759368.html,‡πÄ‡∏™‡πâ‡∏ô‡πÑ‡∏Ç‡πà‡∏Ç‡∏≤‡∏ß‡∏ô‡∏¥‡πà‡∏°‡∏ô‡∏¥‡πà‡∏° ‡πÑ‡∏£‡πâ‡πÅ‡∏õ‡πâ‡∏á ‡πÑ‡∏£‡πâ‡πÑ‡∏Ç‡∏°‡∏±‡∏ô ‡∏°‡∏µ‡πÇ‡∏õ‡∏£‡∏ï‡∏µ‡∏ô‡∏™‡∏π‡∏á Nimnim,‡πÄ‡∏™‡πâ‡∏ô‡πÑ‡∏Ç‡πà‡∏Ç‡∏≤‡∏ß,‡∏Å‡∏£‡∏∏‡∏á‡πÄ‡∏ó‡∏û‡∏°‡∏´‡∏≤‡∏ô‡∏Ñ‡∏£,5.0,1,,,85,81,5%,minnafoods / ‡∏°‡∏¥‡∏ô‡∏ô‡∏∞‡∏ü‡∏π‡πâ‡∏î‡∏™‡πå,,lazada,4941759368,100397792178
https://www.lazada.co.th/products/10-i4541226816.html,(‡∏à‡∏±‡∏î‡∏™‡πà‡∏á‡πÅ‡∏ö‡∏ö‡πÅ‡∏ä‡πà‡πÅ‡∏Ç‡πá‡∏á) ‡∏Ç‡πâ‡∏≤‡∏ß‡πÑ‡∏Ç‡πà‡∏Ç‡∏≤‡∏ß ‡∏û‡∏£‡πâ‡∏≠‡∏°‡∏ó‡∏≤‡∏ô 10 ‡∏Å‡∏•‡πà‡∏≠‡∏á ‡∏£‡∏≤‡∏Ñ‡∏≤‡∏û‡∏¥‡πÄ‡∏®‡∏©,‡∏Ç‡πâ‡∏≤‡∏ß‡πÑ‡∏Ç‡πà‡∏Ç‡∏≤‡∏ß,‡∏Å‡∏£‡∏∏‡∏á‡πÄ‡∏ó‡∏û‡∏°‡∏´‡∏≤‡∏ô‡∏Ñ‡∏£,4.857142857142857,7,19 ‡∏ä‡∏¥‡πâ‡∏ô,,1450,1100,24%,nimnim / nimnim (‡∏ô‡∏¥‡πà‡∏°‡∏ô‡∏¥‡πà‡∏°),mall,lazada,4541226816,100252083119
https://www.lazada.co.th/products/eggyday-i5158773668.html,Eggyday ‡∏Ç‡πâ‡∏≤‡∏ß‡πÑ‡∏Ç‡πà‡∏Ç‡∏≤‡∏ß ‡∏û‡∏£‡πâ‡∏≠‡∏°‡∏ó‡∏≤‡∏ô ‡πÅ‡∏Ñ‡∏•‡∏≠‡∏£‡∏µ‡πà‡∏ï‡πà‡∏≥ ‡πÅ‡∏Ñ‡∏•‡πÄ‡∏ã‡∏µ‡∏¢‡∏°‡∏™‡∏π‡∏á ‡πÉ‡∏¢‡∏≠‡∏≤‡∏´‡∏≤‡∏£‡∏™‡∏π‡∏á ‡∏≠‡∏≤‡∏´‡∏≤‡∏£‡∏™‡∏∏‡∏Ç‡∏†‡∏≤‡∏û ‡∏Ñ‡∏µ‡πÇ‡∏ï ‡πÄ‡∏î‡πá‡∏Å ‡∏ï‡∏±‡πâ‡∏á‡∏Ñ‡∏£‡∏£‡∏†‡πå ‡∏≠‡∏≤‡∏´‡∏≤‡∏£‡∏ú‡∏π‡πâ‡∏™‡∏π‡∏á‡∏≠‡∏≤‡∏¢‡∏∏ ‡∏ú‡∏π‡πâ‡∏õ‡πà‡∏ß‡∏¢ ‡πÄ‡∏ö‡∏≤‡∏´‡∏ß‡∏≤‡∏ô ‡πÇ‡∏£‡∏Ñ‡πÑ‡∏ï,‡∏Ç‡πâ‡∏≤‡∏ß‡πÑ‡∏Ç‡πà‡∏Ç‡∏≤‡∏ß,‡∏õ‡∏ó‡∏∏‡∏°‡∏ò‡∏≤‡∏ô‡∏µ,4.962962962962963,26,194 ‡∏ä‡∏¥‡πâ‡∏ô,,69,69,,Care Corner and More,,lazada,5158773668,100467440557
https://www.lazada.co.th/products/eggyday-100-i5213802708.html,Eggyday ‡πÄ‡∏™‡πâ‡∏ô‡πÑ‡∏Ç‡πà‡∏Ç‡∏≤‡∏ß‡πÑ‡∏£‡πâ‡πÅ‡∏õ‡πâ‡∏á ‡πÄ‡∏™‡πâ‡∏ô‡∏£‡∏≤‡πÄ‡∏°‡∏ô ‡πÄ‡∏™‡πâ‡∏ô‡∏´‡∏°‡∏µ‡πà ‡πÄ‡∏™‡πâ‡∏ô‡πÇ‡∏õ‡∏£‡∏ï‡∏µ‡∏ô‡πÑ‡∏Ç‡πà‡∏Ç‡∏≤‡∏ß ‡∏Ç‡πâ‡∏≤‡∏ß‡πÑ‡∏Ç‡πà‡∏Ç‡∏≤‡∏ß ‡∏Ç‡∏ô‡∏≤‡∏î100‡∏Å‡∏£‡∏±‡∏° ‡πÑ‡∏°‡πà‡∏°‡∏µ‡πÅ‡∏õ‡πâ‡∏á ‡πÑ‡∏°‡πà‡∏°‡∏µ‡∏ô‡πâ‡∏≥‡∏ï‡∏≤‡∏•,"‡πÄ‡∏™‡πâ‡∏ô‡πÑ‡∏Ç‡πà‡∏Ç‡∏≤‡∏ß, ‡πÇ‡∏õ‡∏£‡∏ï‡∏µ‡∏ô‡πÑ‡∏Ç‡πà‡∏Ç‡∏≤‡∏ß, ‡∏Ç‡πâ‡∏≤‡∏ß‡πÑ‡∏Ç‡πà‡∏Ç‡∏≤‡∏ß",‡∏Å‡∏£‡∏∏‡∏á‡πÄ‡∏ó‡∏û‡∏°‡∏´‡∏≤‡∏ô‡∏Ñ‡∏£,,,,,89,69,22%,healthychritshop,,lazada,5213802708,100247205798
https://www.lazada.co.th/products/eggyday-10-i5230741197.html,Eggyday ‡∏Ç‡πâ‡∏≤‡∏ß‡πÑ‡∏Ç‡πà‡∏Ç‡∏≤‡∏ß ‡∏û‡∏£‡πâ‡∏≠‡∏°‡∏ó‡∏≤‡∏ô (10 ‡∏ã‡∏≠‡∏á) ‡πÅ‡∏Ñ‡∏•‡∏≠‡∏£‡∏µ‡πà‡∏ï‡πà‡∏≥ ‡πÅ‡∏Ñ‡∏•‡πÄ‡∏ã‡∏µ‡∏¢‡∏°‡∏™‡∏π‡∏á ‡πÉ‡∏¢‡∏≠‡∏≤‡∏´‡∏≤‡∏£‡∏™‡∏π‡∏á ‡∏≠‡∏≤‡∏´‡∏≤‡∏£‡∏™‡∏∏‡∏Ç‡∏†‡∏≤‡∏û ‡∏Ñ‡∏µ‡πÇ‡∏ï ‡πÄ‡∏î‡πá‡∏Å ‡∏ï‡∏±‡πâ‡∏á‡∏Ñ‡∏£‡∏£‡∏†‡πå ‡∏≠‡∏≤‡∏´‡∏≤‡∏£‡∏ú‡∏π‡πâ‡∏™‡∏π‡∏á‡∏≠‡∏≤‡∏¢‡∏∏ ‡∏ú‡∏π‡πâ‡∏õ‡πà‡∏ß‡∏¢ ‡πÄ‡∏ö‡∏≤‡∏´‡∏ß‡∏≤‡∏ô ‡πÇ‡∏£‡∏Ñ‡πÑ‡∏ï,‡∏Ç‡πâ‡∏≤‡∏ß‡πÑ‡∏Ç‡πà‡∏Ç‡∏≤‡∏ß,‡∏õ‡∏ó‡∏∏‡∏°‡∏ò‡∏≤‡∏ô‡∏µ,5.0,2,,,690,659,4%,Care Corner and More,,lazada,5230741197,100467440557
https://www.lazada.co.th/products/eggyday-100g-i5211970040.html,Eggyday (‡πÄ‡∏≠‡∏Å‡∏Å‡∏µ‡πâ‡πÄ‡∏î‡∏¢‡πå) ‡πÄ‡∏™‡πâ‡∏ô‡∏£‡∏≤‡πÄ‡∏°‡∏ô‡πÇ‡∏õ‡∏£‡∏ï‡∏µ‡∏ô‡πÑ‡∏Ç‡πà‡∏Ç‡∏≤‡∏ß ‡πÄ‡∏™‡πâ‡∏ô‡∏´‡∏°‡∏µ‡πà‡πÑ‡∏Ç‡πà‡∏Ç‡∏≤‡∏ß ‡∏Ç‡πâ‡∏≤‡∏ß‡πÑ‡∏Ç‡πà‡∏Ç‡∏≤‡∏ß ‡∏û‡∏£‡πâ‡∏≠‡∏°‡∏ó‡∏≤‡∏ô 100g,"‡πÇ‡∏õ‡∏£‡∏ï‡∏µ‡∏ô‡πÑ‡∏Ç‡πà‡∏Ç‡∏≤‡∏ß, ‡πÄ‡∏™‡πâ‡∏ô‡∏´‡∏°‡∏µ‡πà‡πÑ‡∏Ç‡πà‡∏Ç‡∏≤‡∏ß, ‡∏Ç‡πâ‡∏≤‡∏ß‡πÑ‡∏Ç‡πà‡∏Ç‡∏≤‡∏ß",‡∏Å‡∏£‡∏∏‡∏á‡πÄ‡∏ó‡∏û‡∏°‡∏´‡∏≤‡∏ô‡∏Ñ‡∏£,,,,,75,70,7%,B&Tshopp,,lazada,5211970040,100754768007
https://www.lazada.co.th/products/500-i4744195336.html,‡πÄ‡∏™‡πâ‡∏ô‡πÑ‡∏Ç‡πà‡∏Ç‡∏≤‡∏ß (‡πÄ‡∏™‡πâ‡∏ô‡∏Ç‡∏ô‡∏°‡∏à‡∏µ‡∏ô) 500‡∏Å‡∏£‡∏±‡∏°,‡πÄ‡∏™‡πâ‡∏ô‡πÑ‡∏Ç‡πà‡∏Ç‡∏≤‡∏ß,‡πÄ‡∏ä‡∏µ‡∏¢‡∏á‡πÉ‡∏´‡∏°‡πà,5.0,4,10 ‡∏ä‡∏¥‡πâ‡∏ô,,199,199,,Rainny Keto002,,lazada,4744195336,100429872942
https://www.lazada.co.th/products/100-i4200819595.html,‡πÄ‡∏™‡πâ‡∏ô‡πÑ‡∏Ç‡πà‡∏Ç‡∏≤‡∏ß100% ‡πÇ‡∏õ‡∏£‡∏ï‡∏µ‡∏ô‡πÅ‡∏ô‡πà‡∏ô ‡πÄ‡∏™‡πâ‡∏ô‡πÑ‡∏£‡πâ‡πÅ‡∏õ‡πâ‡∏á ‡πÑ‡∏£‡πâ‡πÑ‡∏Ç‡∏°‡∏±‡∏ô,‡πÄ‡∏™‡πâ‡∏ô‡πÑ‡∏Ç‡πà‡∏Ç‡∏≤‡∏ß,‡∏Å‡∏£‡∏∏‡∏á‡πÄ‡∏ó‡∏û‡∏°‡∏´‡∏≤‡∏ô‡∏Ñ‡∏£,5.0,3,30 ‡∏ä‡∏¥‡πâ‡∏ô,,85,69,19%,healthylifeshop,,lazada,4200819595,100245498361
https://www.lazada.co.th/products/-i4324313273.html,‡∏Ñ‡∏•‡∏∞‡πÑ‡∏î‡πâ!! ‡πÄ‡∏™‡πâ‡∏ô‡πÑ‡∏Ç‡πà‡∏Ç‡∏≤‡∏ß ‡πÑ‡∏£‡πâ‡πÅ‡∏õ‡πâ‡∏á ‡πÑ‡∏£‡πâ‡πÑ‡∏Ç‡∏°‡∏±‡∏ô ‡∏£‡∏≤‡∏á‡∏ß‡∏±‡∏•‡∏ô‡∏ß‡∏±‡∏ï‡∏Å‡∏£‡∏£‡∏°‡πÅ‡∏´‡πà‡∏á‡∏ä‡∏≤‡∏ï‡∏¥ ‡∏Ñ‡∏¥‡∏î‡∏Ñ‡πâ‡∏ô‡πÇ‡∏î‡∏¢‡∏ô‡∏±‡∏Å‡πÇ‡∏†‡∏ä‡∏ô‡∏≤‡∏Å‡∏≤‡∏£,‡πÄ‡∏™‡πâ‡∏ô‡πÑ‡∏Ç‡πà‡∏Ç‡∏≤‡∏ß,‡∏Å‡∏£‡∏∏‡∏á‡πÄ‡∏ó‡∏û‡∏°‡∏´‡∏≤‡∏ô‡∏Ñ‡∏£,5.0,19,184 ‡∏ä‡∏¥‡πâ‡∏ô,,85,81,5%,nimnim / nimnim (‡∏ô‡∏¥‡πà‡∏°‡∏ô‡∏¥‡πà‡∏°),mall,lazada,4324313273,100252083119
https://www.lazada.co.th/products/65a66a-i4839211268.html,"‡πÄ‡∏™‡πâ‡∏ô‡∏´‡∏°‡∏µ‡πà‡πÑ‡∏Ç‡πà‡∏Ç‡∏≤‡∏ß ‡πÄ‡∏™‡πâ‡∏ô‡∏£‡∏≤‡πÄ‡∏°‡∏ô‡πÑ‡∏Ç‡πà‡∏Ç‡∏≤‡∏ß ‡∏ï‡∏£‡∏≤ ‡πÄ‡∏≠‡πâ‡∏Å‡∏Å‡∏µ‡πâ‡πÄ‡∏î‡∏¢‡πå (65A,66A)",‡πÄ‡∏™‡πâ‡∏ô‡∏´‡∏°‡∏µ‡πà‡πÑ‡∏Ç‡πà‡∏Ç‡∏≤‡∏ß,‡∏õ‡∏ó‡∏∏‡∏°‡∏ò‡∏≤‡∏ô‡∏µ,5.0,5,42 ‡∏ä‡∏¥‡πâ‡∏ô,,79,79,,Healthy Shop ‡∏™‡∏¥‡∏ô‡∏Ñ‡πâ‡∏≤‡∏™‡∏∏‡∏Ç‡∏†‡∏≤‡∏û ‡∏Ñ‡∏£‡∏ö‡∏ß‡∏á‡∏à‡∏£,mall,lazada,4839211268,100219674264
https://www.lazada.co.th/products/eggyday-100x1-keto-i4819868292.html,Eggyday ‡πÄ‡∏™‡πâ‡∏ô ‡πÇ‡∏õ‡∏£‡∏ï‡∏µ‡∏ô‡πÑ‡∏Ç‡πà‡∏Ç‡∏≤‡∏ß ‡πÑ‡∏£‡πâ‡πÅ‡∏õ‡πâ‡∏á (‡∏´‡∏°‡∏µ‡πà/‡∏£‡∏≤‡πÄ‡∏°‡∏ô) (100‡∏Å.x1‡∏ã‡∏≠‡∏á) ‡∏Ñ‡∏•‡∏µ‡∏ô ‡∏Ñ‡∏µ‡πÇ‡∏ï ‡∏ú‡∏π‡πâ‡∏™‡∏π‡∏á‡∏≠‡∏≤‡∏¢‡∏∏ ‡∏ú‡∏π‡πâ‡∏õ‡πà‡∏ß‡∏¢ ‡πÇ‡∏£‡∏Ñ‡πÑ‡∏ï ‡∏°‡∏∞‡πÄ‡∏£‡πá‡∏á ‡πÄ‡∏ö‡∏≤‡∏´‡∏ß‡∏≤‡∏ô ‡πÄ‡∏™‡πâ‡∏ô‡πÑ‡∏Ç‡πà‡∏Ç‡∏≤‡∏ß ‡πÄ‡∏™‡πâ‡∏ô‡∏´‡∏°‡∏µ‡πà‡∏Ñ‡∏µ‡πÇ‡∏ï ‡πÑ‡∏Ç‡πà‡∏Ç‡∏≤‡∏ß keto,"‡πÄ‡∏™‡πâ‡∏ô‡πÑ‡∏Ç‡πà‡∏Ç‡∏≤‡∏ß, ‡πÇ‡∏õ‡∏£‡∏ï‡∏µ‡∏ô‡πÑ‡∏Ç‡πà‡∏Ç‡∏≤‡∏ß",‡∏õ‡∏ó‡∏∏‡∏°‡∏ò‡∏≤‡∏ô‡∏µ,5.0,48,308 ‡∏ä‡∏¥‡πâ‡∏ô,,79,75,5%,Care Corner and More,,lazada,4819868292,100467440557
https://www.lazada.co.th/products/100-keto-homemade-i4320207680.html,‡πÄ‡∏™‡πâ‡∏ô‡πÑ‡∏Ç‡πà‡∏Ç‡∏≤‡∏ß ‡∏ñ‡∏∏‡∏á‡πÄ‡∏•‡πá‡∏Å 100 ‡∏Å‡∏£‡∏±‡∏° (‡πÄ‡∏™‡πâ‡∏ô‡∏≠‡∏∏‡∏î‡πâ‡∏á) (Keto Homemade),‡πÄ‡∏™‡πâ‡∏ô‡πÑ‡∏Ç‡πà‡∏Ç‡∏≤‡∏ß,‡πÄ‡∏ä‡∏µ‡∏¢‡∏á‡πÉ‡∏´‡∏°‡πà,4.921052631578948,38,353 ‡∏ä‡∏¥‡πâ‡∏ô,,49,49,,‡πÄ‡∏™‡πâ‡∏ô‡πÑ‡∏Ç‡πà‡∏Ç‡∏≤‡∏ß Rainny Keto,,lazada,4320207680,100251342479
https://www.lazada.co.th/products/nimnim-5-127897-i4779583711.html,NIMNIM ‡∏ô‡∏¥‡πà‡∏°‡∏ô‡∏¥‡πà‡∏° ‡πÄ‡∏™‡πâ‡∏ô‡πÑ‡∏Ç‡πà‡∏Ç‡∏≤‡∏ß ‡πÑ‡∏£‡πâ‡πÅ‡∏õ‡πâ‡∏á ‡πÑ‡∏£‡πâ‡πÑ‡∏Ç‡∏°‡∏±‡∏ô ‡πÅ‡∏û‡πá‡∏Ñ 5 ‡∏ä‡∏¥‡πâ‡∏ô #127897,‡πÄ‡∏™‡πâ‡∏ô‡πÑ‡∏Ç‡πà‡∏Ç‡∏≤‡∏ß,‡∏Å‡∏£‡∏∏‡∏á‡πÄ‡∏ó‡∏û‡∏°‡∏´‡∏≤‡∏ô‡∏Ñ‡∏£,4.9868421052631575,76,281 ‡∏ä‡∏¥‡πâ‡∏ô,,469,420,10%,GMMOShopping,mall,lazada,4779583711,100180329
https://www.lazada.co.th/products/3-100g-i5326009749.html,(‡πÅ‡∏û‡∏Ñ 3 ‡∏ã‡∏≠‡∏á) ‡∏Ç‡πâ‡∏≤‡∏ß‡πÑ‡∏Ç‡πà‡∏Ç‡∏≤‡∏ß & ‡πÄ‡∏™‡πâ‡∏ô‡πÑ‡∏Ç‡πà‡∏Ç‡∏≤‡∏ß ‡πÑ‡∏£‡πâ‡πÅ‡∏õ‡πâ‡∏á ‡∏û‡∏•‡∏±‡∏á‡∏á‡∏≤‡∏ô‡∏ï‡πà‡∏≥ ‡πÅ‡∏Ñ‡∏•‡πÄ‡∏ã‡∏µ‡∏¢‡∏°‡∏™‡∏π‡∏á ‡πÑ‡∏°‡πà‡∏ú‡∏™‡∏°‡∏ñ‡∏±‡πà‡∏ß‡πÄ‡∏´‡∏•‡∏∑‡∏≠‡∏á ‡∏û‡∏£‡πâ‡∏≠‡∏°‡∏ó‡∏≤‡∏ô 100g,"‡πÄ‡∏™‡πâ‡∏ô‡πÑ‡∏Ç‡πà‡∏Ç‡∏≤‡∏ß, ‡∏Ç‡πâ‡∏≤‡∏ß‡πÑ‡∏Ç‡πà‡∏Ç‡∏≤‡∏ß",‡∏Å‡∏£‡∏∏‡∏á‡πÄ‡∏ó‡∏û‡∏°‡∏´‡∏≤‡∏ô‡∏Ñ‡∏£,,,,,227,227,,Eggyday Store,,lazada,5326009749,100195518243
https://www.lazada.co.th/products/55-sale-nimnim-i2466377679.html,‡πÇ‡∏õ‡∏£ 5.5 SALE!! ‡∏™‡∏¥‡∏ô‡∏Ñ‡πâ‡∏≤‡∏•‡∏≠‡∏ï‡πÉ‡∏´‡∏°‡πà‡∏û‡∏£‡πâ‡∏≠‡∏°‡∏à‡∏±‡∏î‡∏™‡πà‡∏á ‡πÄ‡∏™‡πâ‡∏ô‡πÑ‡∏Ç‡πà‡∏Ç‡∏≤‡∏ß / ‡πÄ‡∏™‡πâ‡∏ô‡∏´‡∏°‡∏µ‡πà‡πÑ‡∏Ç‡πà‡∏Ç‡∏≤‡∏ß / ‡πÄ‡∏™‡πâ‡∏ô‡∏™‡∏õ‡∏≤‡πÄ‡∏Å‡∏ï‡∏ï‡∏µ‡πÄü•ö‡πÄ‡∏™‡πâ‡∏ô ‡∏Ñ‡∏µ‡πÇ‡∏ï ‡∏ô‡∏¥‡πà‡∏°‡∏ô‡∏¥‡πà‡∏° nimnim ‡∏•‡∏≠‡∏ï‡πÉ‡∏´‡∏°‡πà ‡∏û‡∏£‡πâ‡∏≠‡∏°‡∏™‡πà‡∏á!! ‡∏°‡∏µ‡πÄ‡∏Å‡πá‡∏ö‡πÄ‡∏á‡∏¥‡∏ô‡∏õ‡∏•‡∏≤‡∏¢‡∏ó‡∏≤‡∏á,"‡πÄ‡∏™‡πâ‡∏ô‡πÑ‡∏Ç‡πà‡∏Ç‡∏≤‡∏ß, ‡πÄ‡∏™‡πâ‡∏ô‡∏´‡∏°‡∏µ‡πà‡πÑ‡∏Ç‡πà‡∏Ç‡∏≤‡∏ß",‡∏Å‡∏£‡∏∏‡∏á‡πÄ‡∏ó‡∏û‡∏°‡∏´‡∏≤‡∏ô‡∏Ñ‡∏£,4.9689119170984455,193,2.7K ‡∏ä‡∏¥‡πâ‡∏ô,,69,69,,fitbee.bkk,,lazada,2466377679,100188492009
https://www.lazada.co.th/products/nimnim-keto-100g-i2618187469.html,Nimnim ‡πÄ‡∏™‡πâ‡∏ô‡πÑ‡∏Ç‡πà‡∏Ç‡∏≤‡∏ß KETO (‡∏ô‡πâ‡∏≥‡∏´‡∏ô‡∏±‡∏Å‡πÄ‡∏™‡πâ‡∏ô 100g.) ‡πÄ‡∏™‡πâ‡∏ô‡∏û‡∏£‡πâ‡∏≠‡∏°‡∏ó‡∏≤‡∏ô,‡πÄ‡∏™‡πâ‡∏ô‡πÑ‡∏Ç‡πà‡∏Ç‡∏≤‡∏ß,‡πÄ‡∏ä‡∏µ‡∏¢‡∏á‡πÉ‡∏´‡∏°‡πà,5.0,18,193 ‡∏ä‡∏¥‡πâ‡∏ô,,108,75,31%,greenpea organic shop,,lazada,2618187469,100006971
https://www.lazada.co.th/products/500-eggyday-keto-i5257871341.html,(‡πÅ‡∏û‡∏Ñ 500 ‡∏Å‡∏£‡∏±‡∏°) eggyday  ‡∏Ç‡πâ‡∏≤‡∏ß‡πÑ‡∏Ç‡πà‡∏Ç‡∏≤‡∏ß ‡πÑ‡∏£‡πâ‡πÅ‡∏õ‡πâ‡∏á Keto ‡∏≠‡∏£‡πà‡∏≠‡∏¢ ‡πÑ‡∏°‡πà‡∏Ñ‡∏≤‡∏ß ‡πÄ‡∏´‡∏°‡∏∑‡∏≠‡∏ô‡∏Ç‡πâ‡∏≤‡∏ß‡∏ó‡∏µ‡πà‡∏™‡∏∏‡∏î ‡∏û‡∏•‡∏±‡∏á‡∏á‡∏≤‡∏ô‡∏ï‡πà‡∏≥ ‡πÑ‡∏°‡πà‡∏ú‡∏™‡∏°‡∏ñ‡∏±‡πà‡∏ß‡πÄ‡∏´‡∏•‡∏∑‡∏≠‡∏á ‡∏°‡∏µ‡πÉ‡∏¢‡∏≠‡∏≤‡∏´‡∏≤‡∏£ ‡πÅ‡∏Ñ‡∏•‡πÄ‡∏ã‡∏µ‡∏¢‡∏°‡∏™‡∏π‡∏á ‡∏û‡∏£‡πâ‡∏≠‡∏°‡∏ó‡∏≤‡∏ô‡∏ó‡∏±‡∏ô‡∏ó‡∏µ,‡∏Ç‡πâ‡∏≤‡∏ß‡πÑ‡∏Ç‡πà‡∏Ç‡∏≤‡∏ß,‡∏Å‡∏£‡∏∏‡∏á‡πÄ‡∏ó‡∏û‡∏°‡∏´‡∏≤‡∏ô‡∏Ñ‡∏£,5.0,7,19 ‡∏ä‡∏¥‡πâ‡∏ô,,299,299,,Eggyday Store,,lazada,5257871341,100195518243