link,product_name,Keyword,province,star_review,amount_rating,amount_sold,product_list,product_size_ml,original_price,discount_price,per_discount,store,recom_or_official,marketplace,suggestion,web-scraper-start-url,region,itemid,shopid
https://shopee.co.th/%E0%B9%80%E0%B8%AA%E0%B9%89%E0%B8%99%E0%B9%84%E0%B8%82%E0%B9%88%E0%B8%82%E0%B8%B2%E0%B8%A7-%E0%B9%84%E0%B8%A3%E0%B9%89%E0%B9%81%E0%B8%9B%E0%B9%89%E0%B8%87-%E0%B9%84%E0%B8%A3%E0%B9%89%E0%B9%84%E0%B8%82%E0%B8%A1%E0%B8%B1%E0%B8%99-%E0%B8%A2%E0%B8%81%E0%B8%A5%E0%B8%B1%E0%B8%87-i.216885961.22945990769?sp_atk=15556574-fa72-44d7-b91e-b49b478f2f3b&xptdk=15556574-fa72-44d7-b91e-b49b478f2f3b,‡πÄ‡∏™‡πâ‡∏ô‡πÑ‡∏Ç‡πà‡∏Ç‡∏≤‡∏ß ‡πÑ‡∏£‡πâ‡πÅ‡∏õ‡πâ‡∏á ‡πÑ‡∏£‡πâ‡πÑ‡∏Ç‡∏°‡∏±‡∏ô ‡∏¢‡∏Å‡∏•‡∏±‡∏á,‡πÄ‡∏™‡πâ‡∏ô‡πÑ‡∏Ç‡πà‡∏Ç‡∏≤‡∏ß,‡∏à‡∏±‡∏á‡∏´‡∏ß‡∏±‡∏î‡∏Å‡∏£‡∏∏‡∏á‡πÄ‡∏ó‡∏û‡∏°‡∏´‡∏≤‡∏ô‡∏Ñ‡∏£,4.9,,‡∏Ç‡∏≤‡∏¢‡πÅ‡∏•‡πâ‡∏ß 60 ‡∏ä‡∏¥‡πâ‡∏ô,,,,,,hidailythailand,,shopee,https://shopee.co.th/find_similar_products?catid=100629&itemid=22945990769&shopid=216885961,,,22945990769,216885961
https://shopee.co.th/Eggyday-%E0%B9%80%E0%B8%AA%E0%B9%89%E0%B8%99%E0%B9%82%E0%B8%9B%E0%B8%A3%E0%B8%95%E0%B8%B5%E0%B8%99%E0%B9%84%E0%B8%82%E0%B9%88%E0%B8%82%E0%B8%B2%E0%B8%A7-%E0%B9%80%E0%B8%AA%E0%B9%89%E0%B8%99%E0%B9%84%E0%B8%82%E0%B9%88%E0%B8%82%E0%B8%B2%E0%B8%A7%E0%B9%84%E0%B8%A3%E0%B9%89%E0%B9%81%E0%B8%9B%E0%B9%89%E0%B8%87-%E0%B9%81%E0%B8%9A%E0%B8%9A%E0%B9%80%E0%B8%AA%E0%B9%89%E0%B8%99%E0%B8%AB%E0%B8%A1%E0%B8%B5%E0%B9%88-%E0%B9%80%E0%B8%AA%E0%B9%89%E0%B8%99%E0%B8%A3%E0%B8%B2%E0%B9%80%E0%B8%A1%E0%B8%99-%E0%B9%81%E0%B8%A5%E0%B8%B0%E0%B8%82%E0%B9%89%E0%B8%B2%E0%B8%A7-%E0%B9%80%E0%B8%AA%E0%B9%89%E0%B8%99%E0%B8%84%E0%B8%B5%E0%B9%82%E0%B8%95-keto-Egg-White-Noodles-i.257926112.23960078625?sp_atk=15f8bca2-44f2-424b-ba94-ef3a05ad3039&xptdk=15f8bca2-44f2-424b-ba94-ef3a05ad3039,Eggyday ‡πÄ‡∏™‡πâ‡∏ô‡πÇ‡∏õ‡∏£‡∏ï‡∏µ‡∏ô‡πÑ‡∏Ç‡πà‡∏Ç‡∏≤‡∏ß ‡πÄ‡∏™‡πâ‡∏ô‡πÑ‡∏Ç‡πà‡∏Ç‡∏≤‡∏ß‡πÑ‡∏£‡πâ‡πÅ‡∏õ‡πâ‡∏á ‡πÅ‡∏ö‡∏ö‡πÄ‡∏™‡πâ‡∏ô‡∏´‡∏°‡∏µ‡πà ‡πÄ‡∏™‡πâ‡∏ô‡∏£‡∏≤‡πÄ‡∏°‡∏ô ‡πÅ‡∏•‡∏∞‡∏Ç‡πâ‡∏≤‡∏ß ‡πÄ‡∏™‡πâ‡∏ô‡∏Ñ‡∏µ‡πÇ‡∏ï  keto Egg White Noodles,"‡πÄ‡∏™‡πâ‡∏ô‡πÑ‡∏Ç‡πà‡∏Ç‡∏≤‡∏ß, ‡πÇ‡∏õ‡∏£‡∏ï‡∏µ‡∏ô‡πÑ‡∏Ç‡πà‡∏Ç‡∏≤‡∏ß",‡∏à‡∏±‡∏á‡∏´‡∏ß‡∏±‡∏î‡∏Å‡∏£‡∏∏‡∏á‡πÄ‡∏ó‡∏û‡∏°‡∏´‡∏≤‡∏ô‡∏Ñ‡∏£,4.9,,‡∏Ç‡∏≤‡∏¢‡πÅ‡∏•‡πâ‡∏ß 2.6‡∏û‡∏±‡∏ô ‡∏ä‡∏¥‡πâ‡∏ô,"‡πÄ‡∏™‡πâ‡∏ô‡∏´‡∏°‡∏µ‡πà (Eggy01), ‡πÄ‡∏™‡πâ‡∏ô‡∏£‡∏≤‡πÄ‡∏°‡∏ô (Eggy02), ‡∏Ç‡πâ‡∏≤‡∏ß‡πÑ‡∏Ç‡πà‡∏Ç‡∏≤‡∏ß (Eggy03)",,89.0,69.0,-22%,Sikadeer keto clean  food,official,shopee,https://shopee.co.th/find_similar_products?catid=100629&itemid=23960078625&shopid=257926112,,,23960078625,257926112
https://shopee.co.th/Shopee-Special-Set-3-%E0%B8%8B%E0%B8%AD%E0%B8%87-eggyday-%E0%B9%80%E0%B8%AA%E0%B9%89%E0%B8%99%E0%B9%82%E0%B8%9B%E0%B8%A3%E0%B8%95%E0%B8%B5%E0%B8%99%E0%B9%84%E0%B8%82%E0%B9%88%E0%B8%82%E0%B8%B2%E0%B8%A7-100g-%E0%B9%82%E0%B8%9B%E0%B8%A3%E0%B8%95%E0%B8%B5%E0%B8%99%E0%B8%AA%E0%B8%B9%E0%B8%87-%E0%B8%AD%E0%B8%A3%E0%B9%88%E0%B8%AD%E0%B8%A2-%E0%B9%84%E0%B8%A1%E0%B9%88%E0%B8%84%E0%B8%B2%E0%B8%A7-%E0%B9%84%E0%B8%A3%E0%B9%89%E0%B9%81%E0%B8%9B%E0%B9%89%E0%B8%87-Keto-%E0%B8%9E%E0%B8%A3%E0%B9%89%E0%B8%AD%E0%B8%A1%E0%B8%97%E0%B8%B2%E0%B8%99-i.409662674.13875983240?sp_atk=3b8e918e-beae-4633-b8c5-a60fb9190703&xptdk=3b8e918e-beae-4633-b8c5-a60fb9190703,Shopee Special Set 3 ‡∏ã‡∏≠‡∏á eggyday ‡πÄ‡∏™‡πâ‡∏ô‡πÇ‡∏õ‡∏£‡∏ï‡∏µ‡∏ô‡πÑ‡∏Ç‡πà‡∏Ç‡∏≤‡∏ß 100g ‡πÇ‡∏õ‡∏£‡∏ï‡∏µ‡∏ô‡∏™‡∏π‡∏á ‡∏≠‡∏£‡πà‡∏≠‡∏¢ ‡πÑ‡∏°‡πà‡∏Ñ‡∏≤‡∏ß ‡πÑ‡∏£‡πâ‡πÅ‡∏õ‡πâ‡∏á Keto ‡∏û‡∏£‡πâ‡∏≠‡∏°‡∏ó‡∏≤‡∏ô,‡πÇ‡∏õ‡∏£‡∏ï‡∏µ‡∏ô‡πÑ‡∏Ç‡πà‡∏Ç‡∏≤‡∏ß,‡∏à‡∏±‡∏á‡∏´‡∏ß‡∏±‡∏î‡∏Å‡∏£‡∏∏‡∏á‡πÄ‡∏ó‡∏û‡∏°‡∏´‡∏≤‡∏ô‡∏Ñ‡∏£,4.9,,‡∏Ç‡∏≤‡∏¢‡πÅ‡∏•‡πâ‡∏ß 2‡∏û‡∏±‡∏ô ‡∏ä‡∏¥‡πâ‡∏ô,"‡∏´‡∏°‡∏µ‡πà 3 ‡∏ã‡∏≠‡∏á, ‡∏´‡∏°‡∏µ‡πà 2+‡∏£‡∏≤‡πÄ‡∏°‡∏ô 1, ‡∏£‡∏≤‡πÄ‡∏°‡∏ô 2+‡∏´‡∏°‡∏µ‡πà 1, ‡∏£‡∏≤‡πÄ‡∏°‡∏ô 3 ‡∏ã‡∏≠‡∏á",,237.0,237.0,,Eggyday Official Shop,official,shopee,https://shopee.co.th/find_similar_products?catid=100629&itemid=13875983240&shopid=409662674,,,13875983240,409662674
https://shopee.co.th/%E0%B9%80%E0%B8%AA%E0%B9%89%E0%B8%99%E0%B9%82%E0%B8%9B%E0%B8%A3%E0%B8%95%E0%B8%B5%E0%B8%99%E0%B9%84%E0%B8%82%E0%B9%88%E0%B8%82%E0%B8%B2%E0%B8%A7-Nimnim-%E0%B9%84%E0%B8%A3%E0%B9%89%E0%B9%81%E0%B8%9B%E0%B9%89%E0%B8%87-%E0%B9%84%E0%B8%A3%E0%B9%89%E0%B9%84%E0%B8%82%E0%B8%A1%E0%B8%B1%E0%B8%99-%E0%B8%84%E0%B8%B5%E0%B9%82%E0%B8%95%E0%B8%97%E0%B8%B2%E0%B8%99%E0%B9%84%E0%B8%94%E0%B9%89-i.9921141.9805041197?sp_atk=1936c12a-4c94-4c3e-813a-3ca675c92d7a&xptdk=1936c12a-4c94-4c3e-813a-3ca675c92d7a,‡πÄ‡∏™‡πâ‡∏ô‡πÇ‡∏õ‡∏£‡∏ï‡∏µ‡∏ô‡πÑ‡∏Ç‡πà‡∏Ç‡∏≤‡∏ß Nimnim ‡πÑ‡∏£‡πâ‡πÅ‡∏õ‡πâ‡∏á ‡πÑ‡∏£‡πâ‡πÑ‡∏Ç‡∏°‡∏±‡∏ô ‡∏Ñ‡∏µ‡πÇ‡∏ï‡∏ó‡∏≤‡∏ô‡πÑ‡∏î‡πâ,‡πÇ‡∏õ‡∏£‡∏ï‡∏µ‡∏ô‡πÑ‡∏Ç‡πà‡∏Ç‡∏≤‡∏ß,‡∏à‡∏±‡∏á‡∏´‡∏ß‡∏±‡∏î‡∏Å‡∏£‡∏∏‡∏á‡πÄ‡∏ó‡∏û‡∏°‡∏´‡∏≤‡∏ô‡∏Ñ‡∏£,4.8,,‡∏Ç‡∏≤‡∏¢‡πÅ‡∏•‡πâ‡∏ß 1.9‡∏û‡∏±‡∏ô ‡∏ä‡∏¥‡πâ‡∏ô,,,85.0,85.0,,All natuur,,shopee,https://shopee.co.th/find_similar_products?catid=100629&itemid=9805041197&shopid=9921141,,,9805041197,9921141
https://shopee.co.th/-%E0%B8%A2%E0%B8%81%E0%B8%A5%E0%B8%B1%E0%B8%87-12-%E0%B8%82%E0%B8%A7%E0%B8%94-%E0%B9%80%E0%B8%84%E0%B8%A3%E0%B8%B7%E0%B9%88%E0%B8%AD%E0%B8%87%E0%B8%94%E0%B8%B7%E0%B9%88%E0%B8%A1%E0%B9%82%E0%B8%9B%E0%B8%A3%E0%B8%95%E0%B8%B5%E0%B8%99%E0%B9%84%E0%B8%82%E0%B9%88%E0%B8%82%E0%B8%B2%E0%B8%A7-%E0%B8%99%E0%B8%A1%E0%B9%84%E0%B8%82%E0%B9%88%E0%B8%82%E0%B8%B2%E0%B8%A7-%E0%B8%A3%E0%B8%AA%E0%B8%A7%E0%B8%B2%E0%B8%99%E0%B8%B4%E0%B8%A5%E0%B8%A5%E0%B8%B2-180-%E0%B8%A1%E0%B8%A5.-%E0%B8%95%E0%B8%A3%E0%B8%B2%E0%B8%A1%E0%B8%B4%E0%B8%99%E0%B8%99%E0%B8%B0-i.1040490139.25921903204?sp_atk=d5f1b766-2aea-4569-9a33-085798fb2245&xptdk=d5f1b766-2aea-4569-9a33-085798fb2245,[ ‡∏¢‡∏Å‡∏•‡∏±‡∏á 12 ‡∏Ç‡∏ß‡∏î ]‡πÄ‡∏Ñ‡∏£‡∏∑‡πà‡∏≠‡∏á‡∏î‡∏∑‡πà‡∏°‡πÇ‡∏õ‡∏£‡∏ï‡∏µ‡∏ô‡πÑ‡∏Ç‡πà‡∏Ç‡∏≤‡∏ß ‡∏ô‡∏°‡πÑ‡∏Ç‡πà‡∏Ç‡∏≤‡∏ß ‡∏£‡∏™‡∏ß‡∏≤‡∏ô‡∏¥‡∏•‡∏•‡∏≤ 180 ‡∏°‡∏•. ‡∏ï‡∏£‡∏≤‡∏°‡∏¥‡∏ô‡∏ô‡∏∞,‡πÇ‡∏õ‡∏£‡∏ï‡∏µ‡∏ô‡πÑ‡∏Ç‡πà‡∏Ç‡∏≤‡∏ß,‡∏à‡∏±‡∏á‡∏´‡∏ß‡∏±‡∏î‡∏Å‡∏£‡∏∏‡∏á‡πÄ‡∏ó‡∏û‡∏°‡∏´‡∏≤‡∏ô‡∏Ñ‡∏£,4.8,,‡∏Ç‡∏≤‡∏¢‡πÅ‡∏•‡πâ‡∏ß 30 ‡∏ä‡∏¥‡πâ‡∏ô,,,1025.0,850.0,-17%,minnafoods / ‡∏°‡∏¥‡∏ô‡∏ô‡∏∞‡∏ü‡∏π‡πâ‡∏î‡∏™‡πå,,shopee,https://shopee.co.th/find_similar_products?catid=100629&itemid=25921903204&shopid=1040490139,,,25921903204,1040490139
https://shopee.co.th/Eggyday-(%E0%B9%80%E0%B8%AD%E0%B8%81%E0%B8%81%E0%B8%B5%E0%B9%89%E0%B9%80%E0%B8%94%E0%B8%A2%E0%B9%8C)-%E0%B9%80%E0%B8%AA%E0%B9%89%E0%B8%99%E0%B8%A3%E0%B8%B2%E0%B9%80%E0%B8%A1%E0%B8%99%E0%B9%82%E0%B8%9B%E0%B8%A3%E0%B8%95%E0%B8%B5%E0%B8%99%E0%B9%84%E0%B8%82%E0%B9%88%E0%B8%82%E0%B8%B2%E0%B8%A7-%E0%B9%80%E0%B8%AA%E0%B9%89%E0%B8%99%E0%B8%AB%E0%B8%A1%E0%B8%B5%E0%B9%88%E0%B9%84%E0%B8%82%E0%B9%88%E0%B8%82%E0%B8%B2%E0%B8%A7-%E0%B8%82%E0%B9%89%E0%B8%B2%E0%B8%A7%E0%B9%84%E0%B8%82%E0%B9%88%E0%B8%82%E0%B8%B2%E0%B8%A7-%E0%B8%9E%E0%B8%A3%E0%B9%89%E0%B8%AD%E0%B8%A1%E0%B8%97%E0%B8%B2%E0%B8%99-100g.-%E0%B9%84%E0%B8%A1%E0%B9%88%E0%B8%A1%E0%B8%B5%E0%B8%99%E0%B9%89%E0%B8%B3%E0%B8%95%E0%B8%B2%E0%B8%A5-%E0%B9%84%E0%B8%A3%E0%B9%89%E0%B9%81%E0%B8%9B%E0%B9%89%E0%B8%87-%E0%B8%84%E0%B8%B5%E0%B9%82%E0%B8%95%E0%B8%97%E0%B8%B2%E0%B8%99%E0%B9%84%E0%B8%94%E0%B9%89-i.701691260.28003867153?sp_atk=7759807a-d9f8-49d9-8d5b-656a304e29b6&xptdk=7759807a-d9f8-49d9-8d5b-656a304e29b6,Eggyday (‡πÄ‡∏≠‡∏Å‡∏Å‡∏µ‡πâ‡πÄ‡∏î‡∏¢‡πå) ‡πÄ‡∏™‡πâ‡∏ô‡∏£‡∏≤‡πÄ‡∏°‡∏ô‡πÇ‡∏õ‡∏£‡∏ï‡∏µ‡∏ô‡πÑ‡∏Ç‡πà‡∏Ç‡∏≤‡∏ß ‡πÄ‡∏™‡πâ‡∏ô‡∏´‡∏°‡∏µ‡πà‡πÑ‡∏Ç‡πà‡∏Ç‡∏≤‡∏ß ‡∏Ç‡πâ‡∏≤‡∏ß‡πÑ‡∏Ç‡πà‡∏Ç‡∏≤‡∏ß ‡∏û‡∏£‡πâ‡∏≠‡∏°‡∏ó‡∏≤‡∏ô 100g. ‡πÑ‡∏°‡πà‡∏°‡∏µ‡∏ô‡πâ‡∏≥‡∏ï‡∏≤‡∏• ‡πÑ‡∏£‡πâ‡πÅ‡∏õ‡πâ‡∏á ‡∏Ñ‡∏µ‡πÇ‡∏ï‡∏ó‡∏≤‡∏ô‡πÑ‡∏î‡πâ,"‡πÇ‡∏õ‡∏£‡∏ï‡∏µ‡∏ô‡πÑ‡∏Ç‡πà‡∏Ç‡∏≤‡∏ß, ‡πÄ‡∏™‡πâ‡∏ô‡∏´‡∏°‡∏µ‡πà‡πÑ‡∏Ç‡πà‡∏Ç‡∏≤‡∏ß, ‡∏Ç‡πâ‡∏≤‡∏ß‡πÑ‡∏Ç‡πà‡∏Ç‡∏≤‡∏ß",‡∏à‡∏±‡∏á‡∏´‡∏ß‡∏±‡∏î‡∏Å‡∏£‡∏∏‡∏á‡πÄ‡∏ó‡∏û‡∏°‡∏´‡∏≤‡∏ô‡∏Ñ‡∏£,5.0,,‡∏Ç‡∏≤‡∏¢‡πÅ‡∏•‡πâ‡∏ß 20 ‡∏ä‡∏¥‡πâ‡∏ô,"‡πÄ‡∏™‡πâ‡∏ô‡∏£‡∏≤‡πÄ‡∏°‡∏ô‡πÑ‡∏Ç‡πà‡∏Ç‡∏≤‡∏ß, ‡πÄ‡∏™‡πâ‡∏ô‡∏´‡∏°‡∏µ‡πà ‡πÑ‡∏Ç‡πà‡∏Ç‡∏≤‡∏ß, ‡∏Ç‡πâ‡∏≤‡∏ß‡πÑ‡∏Ç‡πà‡∏Ç‡∏≤‡∏ß",,75.0,65.0,-13%,EiEi_SHOP,,shopee,https://shopee.co.th/find_similar_products?catid=100629&itemid=28003867153&shopid=701691260,,,28003867153,701691260
https://shopee.co.th/%E0%B9%80%E0%B8%AA%E0%B9%89%E0%B8%99%E0%B9%84%E0%B8%82%E0%B9%88%E0%B8%82%E0%B8%B2%E0%B8%A7-%E0%B9%80%E0%B8%AA%E0%B9%89%E0%B8%99%E0%B8%AB%E0%B8%A1%E0%B8%B5%E0%B9%88%E0%B9%84%E0%B8%82%E0%B9%88%E0%B8%82%E0%B8%B2%E0%B8%A7-%E0%B9%80%E0%B8%AA%E0%B9%89%E0%B8%99%E0%B8%AA%E0%B8%9B%E0%B8%B2%E0%B9%80%E0%B8%81%E0%B9%87%E0%B8%95%E0%B8%95%E0%B8%B5%E0%B9%89%E0%B9%84%E0%B8%82%E0%B9%88%E0%B8%82%E0%B8%B2%E0%B8%A7-%E0%B9%80%E0%B8%AA%E0%B9%89%E0%B8%99%E0%B8%84%E0%B8%B5%E0%B9%82%E0%B8%95%E0%B8%99-nimnim-%E0%B8%99%E0%B8%B4%E0%B9%88%E0%B8%A1%E0%B8%99%E0%B8%B4%E0%B9%88%E0%B8%A1-%E0%B8%A5%E0%B9%87%E0%B8%AD%E0%B8%95%E0%B9%83%E0%B8%AB%E0%B8%A1%E0%B9%88-%E0%B9%80%E0%B8%AA%E0%B9%89%E0%B8%99%E0%B9%84%E0%B8%82%E0%B9%88%E0%B8%82%E0%B8%B2%E0%B8%A7-100-%E0%B9%82%E0%B8%9B%E0%B8%A3%E0%B8%95%E0%B8%B5%E0%B8%99%E0%B9%81%E0%B8%99%E0%B9%88%E0%B8%99-i.865192062.19464002120?sp_atk=16120772-bbc8-4aff-9423-aa829dbae6c0&xptdk=16120772-bbc8-4aff-9423-aa829dbae6c0,‡πÄ‡∏™‡πâ‡∏ô‡πÑ‡∏Ç‡πà‡∏Ç‡∏≤‡∏ß ‡πÄ‡∏™‡πâ‡∏ô‡∏´‡∏°‡∏µ‡πà‡πÑ‡∏Ç‡πà‡∏Ç‡∏≤‡∏ß ‡πÄ‡∏™‡πâ‡∏ô‡∏™‡∏õ‡∏≤‡πÄ‡∏Å‡πá‡∏ï‡∏ï‡∏µ‡πâ‡πÑ‡∏Ç‡πà‡∏Ç‡∏≤‡∏ß ‡πÄ‡∏™‡πâ‡∏ô‡∏Ñ‡∏µ‡πÇ‡∏ï‡∏ô nimnim ‡∏ô‡∏¥‡πà‡∏°‡∏ô‡∏¥‡πà‡∏° ‡∏•‡πá‡∏≠‡∏ï‡πÉ‡∏´‡∏°‡πà ‡πÄ‡∏™‡πâ‡∏ô‡πÑ‡∏Ç‡πà‡∏Ç‡∏≤‡∏ß 100% ‡πÇ‡∏õ‡∏£‡∏ï‡∏µ‡∏ô‡πÅ‡∏ô‡πà‡∏ô,"‡πÄ‡∏™‡πâ‡∏ô‡πÑ‡∏Ç‡πà‡∏Ç‡∏≤‡∏ß, ‡πÄ‡∏™‡πâ‡∏ô‡∏´‡∏°‡∏µ‡πà‡πÑ‡∏Ç‡πà‡∏Ç‡∏≤‡∏ß",‡∏à‡∏±‡∏á‡∏´‡∏ß‡∏±‡∏î‡∏Å‡∏£‡∏∏‡∏á‡πÄ‡∏ó‡∏û‡∏°‡∏´‡∏≤‡∏ô‡∏Ñ‡∏£,4.9,,‡∏Ç‡∏≤‡∏¢‡πÅ‡∏•‡πâ‡∏ß 2.6‡∏û‡∏±‡∏ô ‡∏ä‡∏¥‡πâ‡∏ô,"‡πÄ‡∏™‡πâ‡∏ô‡πÑ‡∏Ç‡πà‡∏Ç‡∏≤‡∏ß, ‡πÄ‡∏™‡πâ‡∏ô‡∏´‡∏°‡∏µ‡πà‡πÑ‡∏Ç‡πà‡∏Ç‡∏≤‡∏ß, ‡πÄ‡∏™‡πâ‡∏ô‡∏™‡∏õ‡∏≤‡πÄ‡∏Å‡πá‡∏ï‡∏ï‡∏µ‡πâ‡πÑ‡∏Ç‡πà‡∏Ç‡∏≤‡∏ß",,86.0,69.0,-19%,Rich Healthcare Official,official,shopee,https://shopee.co.th/find_similar_products?catid=100629&itemid=19464002120&shopid=865192062,,,19464002120,865192062
https://shopee.co.th/%E0%B9%80%E0%B8%AA%E0%B9%89%E0%B8%99%E0%B9%84%E0%B8%A3%E0%B9%89%E0%B9%81%E0%B8%9B%E0%B9%89%E0%B8%87-%E0%B8%97%E0%B8%B3%E0%B8%88%E0%B8%B2%E0%B8%81%E0%B9%84%E0%B8%82%E0%B9%88%E0%B8%82%E0%B8%B2%E0%B8%A7-(%E0%B8%A3%E0%B8%B2%E0%B8%84%E0%B8%B2%E0%B8%AA%E0%B9%88%E0%B8%87)-%E0%B9%80%E0%B8%AA%E0%B9%89%E0%B8%99%E0%B8%AB%E0%B8%A1%E0%B8%B5%E0%B9%88%E0%B9%84%E0%B8%82%E0%B9%88%E0%B8%82%E0%B8%B2%E0%B8%A7-%E0%B9%80%E0%B8%AA%E0%B9%89%E0%B8%99%E0%B8%82%E0%B8%99%E0%B8%A1%E0%B8%88%E0%B8%B5%E0%B8%99%E0%B9%84%E0%B8%82%E0%B9%88%E0%B8%82%E0%B8%B2%E0%B8%A7-i.416112910.13458894301?sp_atk=84f905b0-f133-45af-90dc-af3e2d1f9b83&xptdk=84f905b0-f133-45af-90dc-af3e2d1f9b83,‡πÄ‡∏™‡πâ‡∏ô‡πÑ‡∏£‡πâ‡πÅ‡∏õ‡πâ‡∏á ‡∏ó‡∏≥‡∏à‡∏≤‡∏Å‡πÑ‡∏Ç‡πà‡∏Ç‡∏≤‡∏ß (‡∏£‡∏≤‡∏Ñ‡∏≤‡∏™‡πà‡∏á) ‡πÄ‡∏™‡πâ‡∏ô‡∏´‡∏°‡∏µ‡πà‡πÑ‡∏Ç‡πà‡∏Ç‡∏≤‡∏ß ‡πÄ‡∏™‡πâ‡∏ô‡∏Ç‡∏ô‡∏°‡∏à‡∏µ‡∏ô‡πÑ‡∏Ç‡πà‡∏Ç‡∏≤‡∏ß,‡πÄ‡∏™‡πâ‡∏ô‡∏´‡∏°‡∏µ‡πà‡πÑ‡∏Ç‡πà‡∏Ç‡∏≤‡∏ß,‡∏à‡∏±‡∏á‡∏´‡∏ß‡∏±‡∏î‡∏Å‡∏£‡∏∏‡∏á‡πÄ‡∏ó‡∏û‡∏°‡∏´‡∏≤‡∏ô‡∏Ñ‡∏£,4.9,,‡∏Ç‡∏≤‡∏¢‡πÅ‡∏•‡πâ‡∏ß 1‡∏û‡∏±‡∏ô ‡∏ä‡∏¥‡πâ‡∏ô,"‡∏´‡∏°‡∏µ‡πà 10 ‡∏ã‡∏≠‡∏á, ‡∏£‡∏≤‡πÄ‡∏°‡∏ô 10 ‡∏ã‡∏≠‡∏á, ‡∏´‡∏°‡∏µ‡πà5‡∏ã‡∏≠‡∏á/‡∏£‡∏≤‡πÄ‡∏°‡∏ô5‡∏ã‡∏≠‡∏á, ‡∏Ç‡πâ‡∏≤‡∏ß‡πÑ‡∏Ç‡πà‡∏Ç‡∏≤‡∏ß10‡∏ã‡∏≠‡∏á, ‡∏Ç‡πâ‡∏≤‡∏ß3‡∏ã‡∏≠‡∏á, ‡πÄ‡∏™‡πâ‡∏ô‡∏´‡∏°‡∏µ‡πà3‡∏ã‡∏≠‡∏á",,237.0,237.0,,brill.official.th,recom,shopee,https://shopee.co.th/find_similar_products?catid=100629&itemid=13458894301&shopid=416112910,,,13458894301,416112910
https://shopee.co.th/%E0%B9%80%E0%B8%AA%E0%B9%89%E0%B8%99%E0%B8%AB%E0%B8%A1%E0%B8%B5%E0%B9%88%E0%B9%84%E0%B8%82%E0%B9%88%E0%B8%82%E0%B8%B2%E0%B8%A7%E0%B8%A2%E0%B8%81%E0%B8%A5%E0%B8%B1%E0%B8%87-(50%E0%B8%96%E0%B8%B8%E0%B8%87)-%E0%B8%A3%E0%B8%B2%E0%B8%84%E0%B8%B2%E0%B8%9E%E0%B8%B4%E0%B9%80%E0%B8%A8%E0%B8%A9-i.216885961.20181075001?sp_atk=7911f80c-8e5c-40ec-9a0b-79d6cf3f94f4&xptdk=7911f80c-8e5c-40ec-9a0b-79d6cf3f94f4,‡πÄ‡∏™‡πâ‡∏ô‡∏´‡∏°‡∏µ‡πà‡πÑ‡∏Ç‡πà‡∏Ç‡∏≤‡∏ß‡∏¢‡∏Å‡∏•‡∏±‡∏á (50‡∏ñ‡∏∏‡∏á) ‡∏£‡∏≤‡∏Ñ‡∏≤‡∏û‡∏¥‡πÄ‡∏®‡∏©,‡πÄ‡∏™‡πâ‡∏ô‡∏´‡∏°‡∏µ‡πà‡πÑ‡∏Ç‡πà‡∏Ç‡∏≤‡∏ß,‡∏à‡∏±‡∏á‡∏´‡∏ß‡∏±‡∏î‡∏Å‡∏£‡∏∏‡∏á‡πÄ‡∏ó‡∏û‡∏°‡∏´‡∏≤‡∏ô‡∏Ñ‡∏£,5.0,,‡∏Ç‡∏≤‡∏¢‡πÅ‡∏•‡πâ‡∏ß 41 ‡∏ä‡∏¥‡πâ‡∏ô,,,,,,hidailythailand,,shopee,https://shopee.co.th/find_similar_products?catid=100629&itemid=20181075001&shopid=216885961,,,20181075001,216885961
https://shopee.co.th/KETO-%E0%B8%A3%E0%B8%B2%E0%B8%84%E0%B8%B2%E0%B8%AA%E0%B9%88%E0%B8%87%E0%B9%80%E0%B8%AA%E0%B9%89%E0%B8%99%E0%B9%84%E0%B8%82%E0%B9%88%E0%B8%82%E0%B8%B2%E0%B8%A7-%E0%B9%80%E0%B8%AA%E0%B9%89%E0%B8%99%E0%B8%AB%E0%B8%A1%E0%B8%B5%E0%B9%88%E0%B9%84%E0%B8%82%E0%B9%88%E0%B8%82%E0%B8%B2%E0%B8%A7-%E0%B8%AA%E0%B8%9B%E0%B8%B2%E0%B9%80%E0%B8%81%E0%B9%87%E0%B8%95%E0%B8%95%E0%B8%95%E0%B8%B5%E0%B9%89-%E0%B8%A3%E0%B8%AA%E0%B8%8A%E0%B8%B2%E0%B8%95%E0%B8%B4%E0%B8%94%E0%B8%B5-%E0%B8%AD%E0%B8%A3%E0%B9%88%E0%B8%AD%E0%B8%A2-%E0%B8%82%E0%B8%B2%E0%B8%A2%E0%B8%94%E0%B8%B5-%F0%9F%94%A5-i.361767536.10538035087?sp_atk=13b0074c-82fd-45c2-8153-0f13819ab26c&xptdk=13b0074c-82fd-45c2-8153-0f13819ab26c,KETO ‡∏£‡∏≤‡∏Ñ‡∏≤‡∏™‡πà‡∏á‡πÄ‡∏™‡πâ‡∏ô‡πÑ‡∏Ç‡πà‡∏Ç‡∏≤‡∏ß ‡πÄ‡∏™‡πâ‡∏ô‡∏´‡∏°‡∏µ‡πà‡πÑ‡∏Ç‡πà‡∏Ç‡∏≤‡∏ß ‡∏™‡∏õ‡∏≤‡πÄ‡∏Å‡πá‡∏ï‡∏ï‡∏ï‡∏µ‡πâ ‡∏£‡∏™‡∏ä‡∏≤‡∏ï‡∏¥‡∏î‡∏µ ‡∏≠‡∏£‡πà‡∏≠‡∏¢ ‡∏Ç‡∏≤‡∏¢‡∏î‡∏µ üî•,"‡πÄ‡∏™‡πâ‡∏ô‡πÑ‡∏Ç‡πà‡∏Ç‡∏≤‡∏ß, ‡πÄ‡∏™‡πâ‡∏ô‡∏´‡∏°‡∏µ‡πà‡πÑ‡∏Ç‡πà‡∏Ç‡∏≤‡∏ß",‡∏à‡∏±‡∏á‡∏´‡∏ß‡∏±‡∏î‡∏õ‡∏ó‡∏∏‡∏°‡∏ò‡∏≤‡∏ô‡∏µ,4.9,,‡∏Ç‡∏≤‡∏¢‡πÅ‡∏•‡πâ‡∏ß 12.9‡∏û‡∏±‡∏ô ‡∏ä‡∏¥‡πâ‡∏ô,"‡πÄ‡∏™‡πâ‡∏ô‡πÑ‡∏Ç‡πà‡∏Ç‡∏≤‡∏ß 42A, ‡πÄ‡∏™‡πâ‡∏ô‡∏´‡∏°‡∏µ‡πà‡πÑ‡∏Ç‡πà‡∏Ç‡∏≤‡∏ß 43A, ‡∏™‡∏õ‡∏≤‡πÄ‡∏Å‡πá‡∏ï‡∏ï‡∏µ‡πâ‡πÑ‡∏Ç‡πà‡∏Ç‡∏≤‡∏ß 44A, ‡∏ú‡∏á‡πÑ‡∏ô‡∏ã ‡∏Å‡∏•‡∏°‡∏Å‡∏•‡πà‡∏≠‡∏° 32N, ‡∏ß‡∏∏‡πâ‡∏ô‡πÄ‡∏™‡πâ‡∏ô‡∏°‡∏∞‡∏û‡∏£‡πâ‡∏≤‡∏ß 23A, ‡∏ß‡∏∏‡πâ‡∏ô‡πÄ‡∏™‡πâ‡∏ô‡∏°‡∏∞‡∏û‡∏£‡πâ‡∏≤‡∏ß 24A, ‡πÑ‡∏Ç‡πà‡∏°‡∏∏‡∏Å‡∏à‡∏≤‡∏Å‡πÑ‡∏Ç‡πà‡∏Ç‡∏≤‡∏ß 60A, ‡∏ö‡∏∏‡∏Å280 ‡∏Å‡∏£‡∏±‡∏° 4A, ‡∏ö‡∏∏‡∏Å160 ‡∏Å‡∏£‡∏±‡∏° 8A, ‡∏ö‡∏∏‡∏Å‡πÄ‡∏™‡πâ‡∏ô‡∏Å‡∏•‡∏° 9A, ‡∏ö‡∏∏‡∏Å‡πÄ‡∏™‡πâ‡∏ô‡πÅ‡∏ö‡∏ô 11A, ‡∏≠‡∏±‡∏•‡∏°‡∏≠‡∏ô‡∏î‡πå‡∏ú‡∏™‡∏°‡∏ä‡∏≤‡πÇ‡∏Ñ‡∏• 61A, ‡∏ö‡∏∞‡∏´‡∏°‡∏µ‡πà‡∏≠‡∏±‡∏•‡∏°‡∏≠‡∏ô‡∏î‡πå 62A, ‡∏≠‡∏±‡∏•‡∏°‡∏≠‡∏ô‡∏î‡πå‡∏ú‡∏™‡∏°‡πÄ‡∏Ñ‡∏• 63A, ‡πÄ‡∏™‡πâ‡∏ô‡∏´‡∏°‡∏µ‡πà‡πÑ‡∏Ç‡πà‡∏Ç‡∏≤‡∏ß 65A, ‡πÄ‡∏™‡πâ‡∏ô‡∏£‡∏≤‡πÄ‡∏°‡∏á‡πÑ‡∏Ç‡πà‡∏Ç‡∏≤‡∏ß 66A",,30.0,30.0,,Wellness Healthy Shop,,shopee,https://shopee.co.th/find_similar_products?catid=100629&itemid=10538035087&shopid=361767536,,,10538035087,361767536
https://shopee.co.th/%E0%B9%80%E0%B8%AA%E0%B9%89%E0%B8%99%E0%B9%84%E0%B8%82%E0%B9%88%E0%B8%82%E0%B8%B2%E0%B8%A7%E0%B8%84%E0%B8%A5%E0%B8%B0%E0%B9%81%E0%B8%9A%E0%B8%9A-10-%E0%B8%AB%E0%B9%88%E0%B8%AD-i.216885961.22647508226?sp_atk=bfc10035-3861-4af1-88f7-ba09773c4654&xptdk=bfc10035-3861-4af1-88f7-ba09773c4654,‡πÄ‡∏™‡πâ‡∏ô‡πÑ‡∏Ç‡πà‡∏Ç‡∏≤‡∏ß‡∏Ñ‡∏•‡∏∞‡πÅ‡∏ö‡∏ö 10 ‡∏´‡πà‡∏≠,‡πÄ‡∏™‡πâ‡∏ô‡πÑ‡∏Ç‡πà‡∏Ç‡∏≤‡∏ß,‡∏à‡∏±‡∏á‡∏´‡∏ß‡∏±‡∏î‡∏Å‡∏£‡∏∏‡∏á‡πÄ‡∏ó‡∏û‡∏°‡∏´‡∏≤‡∏ô‡∏Ñ‡∏£,4.9,,‡∏Ç‡∏≤‡∏¢‡πÅ‡∏•‡πâ‡∏ß 79 ‡∏ä‡∏¥‡πâ‡∏ô,,,690.0,690.0,,hidailythailand,,shopee,https://shopee.co.th/find_similar_products?catid=100629&itemid=22647508226&shopid=216885961,,,22647508226,216885961
https://shopee.co.th/Nim-nim-%E0%B9%80%E0%B8%AA%E0%B9%89%E0%B8%99%E0%B9%84%E0%B8%82%E0%B9%88%E0%B8%82%E0%B8%B2%E0%B8%A7-%E0%B9%80%E0%B8%AA%E0%B9%89%E0%B8%99%E0%B8%AB%E0%B8%A1%E0%B8%B5%E0%B9%88%E0%B9%84%E0%B8%82%E0%B9%88%E0%B8%82%E0%B8%B2%E0%B8%A7-KETO-(%E0%B8%99%E0%B9%89%E0%B8%B3%E0%B8%AB%E0%B8%99%E0%B8%B1%E0%B8%81%E0%B9%80%E0%B8%AA%E0%B9%89%E0%B8%99-100g.)-%E0%B8%A1%E0%B8%B5-3-%E0%B9%81%E0%B8%9A%E0%B8%9A-%E0%B9%80%E0%B8%AA%E0%B9%89%E0%B8%99%E0%B8%9E%E0%B8%A3%E0%B9%89%E0%B8%AD%E0%B8%A1%E0%B8%97%E0%B8%B2%E0%B8%99-i.667080308.20104318496?sp_atk=bd032c58-a04b-47ee-856b-fd0055618f3d&xptdk=bd032c58-a04b-47ee-856b-fd0055618f3d,Nim nim ‡πÄ‡∏™‡πâ‡∏ô‡πÑ‡∏Ç‡πà‡∏Ç‡∏≤‡∏ß ‡πÄ‡∏™‡πâ‡∏ô‡∏´‡∏°‡∏µ‡πà‡πÑ‡∏Ç‡πà‡∏Ç‡∏≤‡∏ß KETO (‡∏ô‡πâ‡∏≥‡∏´‡∏ô‡∏±‡∏Å‡πÄ‡∏™‡πâ‡∏ô 100g.) ‡∏°‡∏µ 3 ‡πÅ‡∏ö‡∏ö ‡πÄ‡∏™‡πâ‡∏ô‡∏û‡∏£‡πâ‡∏≠‡∏°‡∏ó‡∏≤‡∏ô,"‡πÄ‡∏™‡πâ‡∏ô‡πÑ‡∏Ç‡πà‡∏Ç‡∏≤‡∏ß, ‡πÄ‡∏™‡πâ‡∏ô‡∏´‡∏°‡∏µ‡πà‡πÑ‡∏Ç‡πà‡∏Ç‡∏≤‡∏ß",‡∏à‡∏±‡∏á‡∏´‡∏ß‡∏±‡∏î‡∏Å‡∏£‡∏∏‡∏á‡πÄ‡∏ó‡∏û‡∏°‡∏´‡∏≤‡∏ô‡∏Ñ‡∏£,4.9,,‡∏Ç‡∏≤‡∏¢‡πÅ‡∏•‡πâ‡∏ß 640 ‡∏ä‡∏¥‡πâ‡∏ô,"‡πÄ‡∏™‡πâ‡∏ô‡πÑ‡∏Ç‡πà‡∏Ç‡∏≤‡∏ß, ‡πÄ‡∏™‡πâ‡∏ô‡∏´‡∏°‡∏µ‡πà‡πÑ‡∏Ç‡πà‡∏Ç‡∏≤‡∏ß, ‡∏™‡∏õ‡∏≤‡πÄ‡∏Å‡πá‡∏ï‡∏ï‡∏µ‡πâ‡πÑ‡∏£‡πâ‡πÅ‡∏õ‡πâ‡∏á",,69.0,69.0,,Virtue,recom,shopee,https://shopee.co.th/find_similar_products?catid=100629&itemid=20104318496&shopid=667080308,,,20104318496,667080308
https://shopee.co.th/Eggyday-%E0%B9%80%E0%B8%AA%E0%B9%89%E0%B8%99%E0%B9%84%E0%B8%82%E0%B9%88%E0%B8%82%E0%B8%B2%E0%B8%A7-100-%E0%B8%81%E0%B8%A3%E0%B8%B1%E0%B8%A1-(%E0%B9%80%E0%B8%AD%E0%B9%89%E0%B8%81%E0%B8%81%E0%B8%B5%E0%B9%89%E0%B9%80%E0%B8%94%E0%B8%A2%E0%B9%8C)-i.115168913.23736303340?sp_atk=98e77217-dcc0-4f3b-8886-42ce7039183d&xptdk=98e77217-dcc0-4f3b-8886-42ce7039183d,Eggyday  ‡πÄ‡∏™‡πâ‡∏ô‡πÑ‡∏Ç‡πà‡∏Ç‡∏≤‡∏ß 100 ‡∏Å‡∏£‡∏±‡∏° (‡πÄ‡∏≠‡πâ‡∏Å‡∏Å‡∏µ‡πâ‡πÄ‡∏î‡∏¢‡πå),‡πÄ‡∏™‡πâ‡∏ô‡πÑ‡∏Ç‡πà‡∏Ç‡∏≤‡∏ß,‡∏à‡∏±‡∏á‡∏´‡∏ß‡∏±‡∏î‡∏™‡∏°‡∏∏‡∏ó‡∏£‡∏õ‡∏£‡∏≤‡∏Å‡∏≤‡∏£,4.8,,‡∏Ç‡∏≤‡∏¢‡πÅ‡∏•‡πâ‡∏ß 234 ‡∏ä‡∏¥‡πâ‡∏ô,"‡πÄ‡∏™‡πâ‡∏ô‡∏´‡∏°‡∏µ‡πà‡πÑ‡∏Ç‡πà‡∏Ç‡∏≤‡∏ß, ‡πÄ‡∏™‡πâ‡∏ô‡∏£‡∏≤‡πÄ‡∏°‡∏ô EXP11/24, ‡πÑ‡∏Ç‡πà‡∏Ç‡∏≤‡∏ß‡∏£‡∏π‡∏õ‡∏Ç‡πâ‡∏≤‡∏ß",,80.0,69.0,-13%,sabuyjai.shop(‡∏£‡πâ‡∏≤‡∏ô‡∏™‡∏ö‡∏≤‡∏¢‡πÉ‡∏à),recom,shopee,https://shopee.co.th/find_similar_products?catid=100629&itemid=23736303340&shopid=115168913,,,23736303340,115168913
https://shopee.co.th/Lot%E0%B9%83%E0%B8%AB%E0%B8%A1%E0%B9%88-%E0%B8%AA%E0%B9%88%E0%B8%87%E0%B9%84%E0%B8%A7-%E0%B9%80%E0%B8%AA%E0%B9%89%E0%B8%99%E0%B9%84%E0%B8%82%E0%B9%88%E0%B8%82%E0%B8%B2%E0%B8%A7-%E0%B9%84%E0%B8%A3%E0%B9%89%E0%B9%81%E0%B8%9B%E0%B9%89%E0%B8%87-%E0%B9%84%E0%B8%A3%E0%B9%89%E0%B9%84%E0%B8%82%E0%B8%A1%E0%B8%B1%E0%B8%99-%E0%B9%82%E0%B8%9B%E0%B8%A3%E0%B8%95%E0%B8%B5%E0%B8%99%E0%B8%AA%E0%B8%B9%E0%B8%87-%E0%B9%82%E0%B8%8B%E0%B9%80%E0%B8%94%E0%B8%B5%E0%B8%A2%E0%B8%A1%E0%B8%95%E0%B9%88%E0%B8%B3-%E0%B8%84%E0%B8%B5%E0%B9%82%E0%B8%95-Keto-White-Egg-Noodle-i.216885961.20520948344?sp_atk=49747c6f-7af1-4c25-b3a7-d1995bdc1bea&xptdk=49747c6f-7af1-4c25-b3a7-d1995bdc1bea,Lot‡πÉ‡∏´‡∏°‡πà ‡∏™‡πà‡∏á‡πÑ‡∏ß ‡πÄ‡∏™‡πâ‡∏ô‡πÑ‡∏Ç‡πà‡∏Ç‡∏≤‡∏ß ‡πÑ‡∏£‡πâ‡πÅ‡∏õ‡πâ‡∏á ‡πÑ‡∏£‡πâ‡πÑ‡∏Ç‡∏°‡∏±‡∏ô ‡πÇ‡∏õ‡∏£‡∏ï‡∏µ‡∏ô‡∏™‡∏π‡∏á ‡πÇ‡∏ã‡πÄ‡∏î‡∏µ‡∏¢‡∏°‡∏ï‡πà‡∏≥ ‡∏Ñ‡∏µ‡πÇ‡∏ï Keto White Egg Noodle,‡πÄ‡∏™‡πâ‡∏ô‡πÑ‡∏Ç‡πà‡∏Ç‡∏≤‡∏ß,‡∏à‡∏±‡∏á‡∏´‡∏ß‡∏±‡∏î‡∏Å‡∏£‡∏∏‡∏á‡πÄ‡∏ó‡∏û‡∏°‡∏´‡∏≤‡∏ô‡∏Ñ‡∏£,4.9,,‡∏Ç‡∏≤‡∏¢‡πÅ‡∏•‡πâ‡∏ß 8.4‡∏û‡∏±‡∏ô ‡∏ä‡∏¥‡πâ‡∏ô,"‡πÄ‡∏™‡πâ‡∏ô‡πÑ‡∏Ç‡πà‡∏Ç‡∏≤‡∏ß, ‡πÄ‡∏™‡πâ‡∏ô‡∏´‡∏°‡∏µ‡πà‡πÑ‡∏Ç‡πà‡∏Ç‡∏≤‡∏ß, ‡πÄ‡∏™‡πâ‡∏ô‡∏™‡∏õ‡∏≤‡πÄ‡∏Å‡∏ï‡∏ï‡∏µ‡πâ‡πÑ‡∏£‡πâ‡πÅ‡∏õ‡πâ‡∏á, ‡∏Ç‡πâ‡∏≤‡∏ß‡πÑ‡∏Ç‡πà‡∏Ç‡∏≤‡∏ß‡∏°‡∏∏‡∏Å",,69.0,69.0,,hidailythailand,,shopee,https://shopee.co.th/find_similar_products?catid=100629&itemid=20520948344&shopid=216885961,,,20520948344,216885961
https://shopee.co.th/Eggyday-%E0%B9%80%E0%B8%AA%E0%B9%89%E0%B8%99%E0%B8%A3%E0%B8%B2%E0%B9%80%E0%B8%A1%E0%B8%99%E0%B9%82%E0%B8%9B%E0%B8%A3%E0%B8%95%E0%B8%B5%E0%B8%99%E0%B9%84%E0%B8%82%E0%B9%88%E0%B8%82%E0%B8%B2%E0%B8%A7-%E0%B9%80%E0%B8%AA%E0%B9%89%E0%B8%99%E0%B8%AB%E0%B8%A1%E0%B8%B5%E0%B9%88%E0%B9%84%E0%B8%82%E0%B9%88%E0%B8%82%E0%B8%B2%E0%B8%A7-%E0%B8%82%E0%B9%89%E0%B8%B2%E0%B8%A7%E0%B9%84%E0%B8%82%E0%B9%88%E0%B8%82%E0%B8%B2%E0%B8%A7-%E0%B8%9E%E0%B8%A3%E0%B9%89%E0%B8%AD%E0%B8%A1%E0%B8%97%E0%B8%B2%E0%B8%99-100g-i.848713572.26203862028?sp_atk=dc7ea56d-bbf1-4704-b381-67b9ebfd410c&xptdk=dc7ea56d-bbf1-4704-b381-67b9ebfd410c,Eggyday ‡πÄ‡∏™‡πâ‡∏ô‡∏£‡∏≤‡πÄ‡∏°‡∏ô‡πÇ‡∏õ‡∏£‡∏ï‡∏µ‡∏ô‡πÑ‡∏Ç‡πà‡∏Ç‡∏≤‡∏ß ‡πÄ‡∏™‡πâ‡∏ô‡∏´‡∏°‡∏µ‡πà‡πÑ‡∏Ç‡πà‡∏Ç‡∏≤‡∏ß 	‡∏Ç‡πâ‡∏≤‡∏ß‡πÑ‡∏Ç‡πà‡∏Ç‡∏≤‡∏ß ‡∏û‡∏£‡πâ‡∏≠‡∏°‡∏ó‡∏≤‡∏ô 100g,"‡πÇ‡∏õ‡∏£‡∏ï‡∏µ‡∏ô‡πÑ‡∏Ç‡πà‡∏Ç‡∏≤‡∏ß, ‡πÄ‡∏™‡πâ‡∏ô‡∏´‡∏°‡∏µ‡πà‡πÑ‡∏Ç‡πà‡∏Ç‡∏≤‡∏ß, ‡∏Ç‡πâ‡∏≤‡∏ß‡πÑ‡∏Ç‡πà‡∏Ç‡∏≤‡∏ß",‡∏à‡∏±‡∏á‡∏´‡∏ß‡∏±‡∏î‡∏Å‡∏£‡∏∏‡∏á‡πÄ‡∏ó‡∏û‡∏°‡∏´‡∏≤‡∏ô‡∏Ñ‡∏£,5.0,,‡∏Ç‡∏≤‡∏¢‡πÅ‡∏•‡πâ‡∏ß 17 ‡∏ä‡∏¥‡πâ‡∏ô,"‡πÄ‡∏™‡πâ‡∏ô‡∏£‡∏≤‡πÄ‡∏°‡∏ô‡πÑ‡∏Ç‡πà‡∏Ç‡∏≤‡∏ß, ‡πÄ‡∏™‡πâ‡∏ô‡∏´‡∏°‡∏µ‡πà ‡πÑ‡∏Ç‡πà‡∏Ç‡∏≤‡∏ß, ‡∏Ç‡πâ‡∏≤‡∏ß‡πÑ‡∏Ç‡πà‡∏Ç‡∏≤‡∏ß",,76.0,67.0,-11%,Healthygo_officialshop,recom,shopee,https://shopee.co.th/find_similar_products?catid=100629&itemid=26203862028&shopid=848713572,,,26203862028,848713572
https://shopee.co.th/(%E0%B9%81%E0%B8%9E%E0%B8%84-7-%E0%B8%8B%E0%B8%AD%E0%B8%87)-eggyday-%E0%B9%80%E0%B8%AA%E0%B9%89%E0%B8%99%E0%B8%AB%E0%B8%A1%E0%B8%B5%E0%B9%88%E0%B9%84%E0%B8%82%E0%B9%88%E0%B8%82%E0%B8%B2%E0%B8%A7-100g-%E0%B9%82%E0%B8%9B%E0%B8%A3%E0%B8%95%E0%B8%B5%E0%B8%99%E0%B8%AA%E0%B8%B9%E0%B8%87-%E0%B8%AD%E0%B8%A3%E0%B9%88%E0%B8%AD%E0%B8%A2-%E0%B9%84%E0%B8%A1%E0%B9%88%E0%B8%84%E0%B8%B2%E0%B8%A7-%E0%B9%84%E0%B8%A3%E0%B9%89%E0%B9%81%E0%B8%9B%E0%B9%89%E0%B8%87-Keto-%E0%B8%9E%E0%B8%A3%E0%B9%89%E0%B8%AD%E0%B8%A1%E0%B8%97%E0%B8%B2%E0%B8%99-%E0%B8%AA%E0%B9%88%E0%B8%87%E0%B8%9F%E0%B8%A3%E0%B8%B5-i.409662674.12028151377?sp_atk=ae522c3d-34dd-43fc-8e0c-77197f061243&xptdk=ae522c3d-34dd-43fc-8e0c-77197f061243,(‡πÅ‡∏û‡∏Ñ 7 ‡∏ã‡∏≠‡∏á) eggyday ‡πÄ‡∏™‡πâ‡∏ô‡∏´‡∏°‡∏µ‡πà‡πÑ‡∏Ç‡πà‡∏Ç‡∏≤‡∏ß 100g ‡πÇ‡∏õ‡∏£‡∏ï‡∏µ‡∏ô‡∏™‡∏π‡∏á ‡∏≠‡∏£‡πà‡∏≠‡∏¢ ‡πÑ‡∏°‡πà‡∏Ñ‡∏≤‡∏ß ‡πÑ‡∏£‡πâ‡πÅ‡∏õ‡πâ‡∏á Keto ‡∏û‡∏£‡πâ‡∏≠‡∏°‡∏ó‡∏≤‡∏ô  ‡∏™‡πà‡∏á‡∏ü‡∏£‡∏µ,‡πÄ‡∏™‡πâ‡∏ô‡∏´‡∏°‡∏µ‡πà‡πÑ‡∏Ç‡πà‡∏Ç‡∏≤‡∏ß,‡∏à‡∏±‡∏á‡∏´‡∏ß‡∏±‡∏î‡∏Å‡∏£‡∏∏‡∏á‡πÄ‡∏ó‡∏û‡∏°‡∏´‡∏≤‡∏ô‡∏Ñ‡∏£,4.9,,‡∏Ç‡∏≤‡∏¢‡πÅ‡∏•‡πâ‡∏ß 604 ‡∏ä‡∏¥‡πâ‡∏ô,‡πÄ‡∏™‡πâ‡∏ô‡∏´‡∏°‡∏µ‡πà,,553.0,553.0,,Eggyday Official Shop,official,shopee,https://shopee.co.th/find_similar_products?catid=100629&itemid=12028151377&shopid=409662674,,,12028151377,409662674
https://shopee.co.th/%E0%B8%82%E0%B8%B2%E0%B8%A2%E0%B8%94%E0%B8%B5-Eggyday-%E0%B9%80%E0%B8%AA%E0%B9%89%E0%B8%99%E0%B8%A3%E0%B8%B2%E0%B9%80%E0%B8%A1%E0%B8%99%E0%B9%82%E0%B8%9B%E0%B8%A3%E0%B8%95%E0%B8%B5%E0%B8%99%E0%B9%84%E0%B8%82%E0%B9%88%E0%B8%82%E0%B8%B2%E0%B8%A7-%E0%B8%9E%E0%B8%A3%E0%B9%89%E0%B8%AD%E0%B8%A1%E0%B8%A3%E0%B8%B1%E0%B8%9A%E0%B8%9B%E0%B8%A3%E0%B8%B0%E0%B8%97%E0%B8%B2%E0%B8%99-100-g-i.330084029.22960076311?sp_atk=8be38214-939a-4018-8836-9db36296d561&xptdk=8be38214-939a-4018-8836-9db36296d561,‡∏Ç‡∏≤‡∏¢‡∏î‡∏µ Eggyday ‡πÄ‡∏™‡πâ‡∏ô‡∏£‡∏≤‡πÄ‡∏°‡∏ô‡πÇ‡∏õ‡∏£‡∏ï‡∏µ‡∏ô‡πÑ‡∏Ç‡πà‡∏Ç‡∏≤‡∏ß ‡∏û‡∏£‡πâ‡∏≠‡∏°‡∏£‡∏±‡∏ö‡∏õ‡∏£‡∏∞‡∏ó‡∏≤‡∏ô 100 g,‡πÇ‡∏õ‡∏£‡∏ï‡∏µ‡∏ô‡πÑ‡∏Ç‡πà‡∏Ç‡∏≤‡∏ß,‡∏à‡∏±‡∏á‡∏´‡∏ß‡∏±‡∏î‡∏Å‡∏£‡∏∏‡∏á‡πÄ‡∏ó‡∏û‡∏°‡∏´‡∏≤‡∏ô‡∏Ñ‡∏£,5.0,,‡∏Ç‡∏≤‡∏¢‡πÅ‡∏•‡πâ‡∏ß 4 ‡∏ä‡∏¥‡πâ‡∏ô,,,96.0,79.0,-17%,nudeeketo,recom,shopee,https://shopee.co.th/find_similar_products?catid=100629&itemid=22960076311&shopid=330084029,,,22960076311,330084029
https://shopee.co.th/%E0%B9%80%E0%B8%AA%E0%B9%89%E0%B8%99%E0%B9%82%E0%B8%9B%E0%B8%A3%E0%B8%95%E0%B8%B5%E0%B8%99%E0%B9%84%E0%B8%82%E0%B9%88%E0%B8%82%E0%B8%B2%E0%B8%A7-%E0%B8%84%E0%B8%A5%E0%B8%B5%E0%B8%99%E0%B8%84%E0%B8%B5%E0%B9%82%E0%B8%95-Eggyday-i.422696208.23382870073?sp_atk=731b253d-8473-458a-8224-7035a4e02887&xptdk=731b253d-8473-458a-8224-7035a4e02887,‡πÄ‡∏™‡πâ‡∏ô‡πÇ‡∏õ‡∏£‡∏ï‡∏µ‡∏ô‡πÑ‡∏Ç‡πà‡∏Ç‡∏≤‡∏ß ‡∏Ñ‡∏•‡∏µ‡∏ô‡∏Ñ‡∏µ‡πÇ‡∏ï Eggyday,‡πÇ‡∏õ‡∏£‡∏ï‡∏µ‡∏ô‡πÑ‡∏Ç‡πà‡∏Ç‡∏≤‡∏ß,‡∏à‡∏±‡∏á‡∏´‡∏ß‡∏±‡∏î‡∏Å‡∏£‡∏∏‡∏á‡πÄ‡∏ó‡∏û‡∏°‡∏´‡∏≤‡∏ô‡∏Ñ‡∏£,,,‡∏Ç‡∏≤‡∏¢‡πÅ‡∏•‡πâ‡∏ß 3 ‡∏ä‡∏¥‡πâ‡∏ô,"‡πÄ‡∏™‡πâ‡∏ô‡∏´‡∏°‡∏µ‡πà, ‡πÄ‡∏™‡πâ‡∏ô‡∏£‡∏≤‡πÄ‡∏°‡∏ô",,89.0,89.0,,‡∏Ç‡∏ô‡∏°‡∏Ñ‡∏•‡∏µ‡∏ô by HKS,,shopee,https://shopee.co.th/find_similar_products?catid=100629&itemid=23382870073&shopid=422696208,,,23382870073,422696208
https://shopee.co.th/Eggyday-%E0%B9%80%E0%B8%AA%E0%B9%89%E0%B8%99%E0%B8%AB%E0%B8%A1%E0%B8%B5%E0%B9%88%E0%B9%82%E0%B8%9B%E0%B8%A3%E0%B8%95%E0%B8%B5%E0%B8%99%E0%B9%84%E0%B8%82%E0%B9%88%E0%B8%82%E0%B8%B2%E0%B8%A7-100g-i.439554464.23161114314?sp_atk=32bd4e6e-c78e-4643-b64e-2e27b6124e8c&xptdk=32bd4e6e-c78e-4643-b64e-2e27b6124e8c,Eggyday ‡πÄ‡∏™‡πâ‡∏ô‡∏´‡∏°‡∏µ‡πà‡πÇ‡∏õ‡∏£‡∏ï‡∏µ‡∏ô‡πÑ‡∏Ç‡πà‡∏Ç‡∏≤‡∏ß 100g,"‡πÇ‡∏õ‡∏£‡∏ï‡∏µ‡∏ô‡πÑ‡∏Ç‡πà‡∏Ç‡∏≤‡∏ß, ‡πÄ‡∏™‡πâ‡∏ô‡∏´‡∏°‡∏µ‡πà‡πÇ‡∏õ‡∏£‡∏ï‡∏µ‡∏ô‡πÑ‡∏Ç‡πà‡∏Ç‡∏≤‡∏ß",‡∏à‡∏±‡∏á‡∏´‡∏ß‡∏±‡∏î‡∏Å‡∏£‡∏∏‡∏á‡πÄ‡∏ó‡∏û‡∏°‡∏´‡∏≤‡∏ô‡∏Ñ‡∏£,,,,,,96.0,79.0,-17%,NuDeeClass,,shopee,https://shopee.co.th/find_similar_products?catid=100629&itemid=23161114314&shopid=439554464,,,23161114314,439554464
https://shopee.co.th/%E0%B8%AA%E0%B8%B4%E0%B8%99%E0%B8%84%E0%B9%89%E0%B8%B2-Eggyday-%E0%B9%80%E0%B8%AA%E0%B9%89%E0%B8%99%E0%B8%AB%E0%B8%A1%E0%B8%B5%E0%B9%88%E0%B9%82%E0%B8%9B%E0%B8%A3%E0%B8%95%E0%B8%B5%E0%B8%99%E0%B9%84%E0%B8%82%E0%B9%88%E0%B8%82%E0%B8%B2%E0%B8%A7-100g-i.278682514.12299958668?sp_atk=260849f2-b212-4799-9e34-30b192464b2f&xptdk=260849f2-b212-4799-9e34-30b192464b2f,‡∏™‡∏¥‡∏ô‡∏Ñ‡πâ‡∏≤ Eggyday ‡πÄ‡∏™‡πâ‡∏ô‡∏´‡∏°‡∏µ‡πà‡πÇ‡∏õ‡∏£‡∏ï‡∏µ‡∏ô‡πÑ‡∏Ç‡πà‡∏Ç‡∏≤‡∏ß 100g,"‡πÇ‡∏õ‡∏£‡∏ï‡∏µ‡∏ô‡πÑ‡∏Ç‡πà‡∏Ç‡∏≤‡∏ß, ‡πÄ‡∏™‡πâ‡∏ô‡∏´‡∏°‡∏µ‡πà‡πÇ‡∏õ‡∏£‡∏ï‡∏µ‡∏ô‡πÑ‡∏Ç‡πà‡∏Ç‡∏≤‡∏ß",‡∏à‡∏±‡∏á‡∏´‡∏ß‡∏±‡∏î‡∏Å‡∏£‡∏∏‡∏á‡πÄ‡∏ó‡∏û‡∏°‡∏´‡∏≤‡∏ô‡∏Ñ‡∏£,,,,,,95.0,70.0,-26%,cleantorofoodgogo,,shopee,https://shopee.co.th/find_similar_products?catid=100629&itemid=12299958668&shopid=278682514,,,12299958668,278682514
https://shopee.co.th/Eggyday-%E0%B9%80%E0%B8%AA%E0%B9%89%E0%B8%99%E0%B8%A3%E0%B8%B2%E0%B9%80%E0%B8%A1%E0%B8%99%E0%B9%82%E0%B8%9B%E0%B8%A3%E0%B8%95%E0%B8%B5%E0%B8%99%E0%B9%84%E0%B8%82%E0%B9%88%E0%B8%82%E0%B8%B2%E0%B8%A7-%E0%B8%9E%E0%B8%A3%E0%B9%89%E0%B8%AD%E0%B8%A1%E0%B8%A3%E0%B8%B1%E0%B8%9A%E0%B8%9B%E0%B8%A3%E0%B8%B0%E0%B8%97%E0%B8%B2%E0%B8%99-100-g-i.439554464.21195320809?sp_atk=b6db64cb-e24e-422b-83d5-d06cb26d4886&xptdk=b6db64cb-e24e-422b-83d5-d06cb26d4886,Eggyday ‡πÄ‡∏™‡πâ‡∏ô‡∏£‡∏≤‡πÄ‡∏°‡∏ô‡πÇ‡∏õ‡∏£‡∏ï‡∏µ‡∏ô‡πÑ‡∏Ç‡πà‡∏Ç‡∏≤‡∏ß ‡∏û‡∏£‡πâ‡∏≠‡∏°‡∏£‡∏±‡∏ö‡∏õ‡∏£‡∏∞‡∏ó‡∏≤‡∏ô 100 g,‡πÇ‡∏õ‡∏£‡∏ï‡∏µ‡∏ô‡πÑ‡∏Ç‡πà‡∏Ç‡∏≤‡∏ß,‡∏à‡∏±‡∏á‡∏´‡∏ß‡∏±‡∏î‡∏Å‡∏£‡∏∏‡∏á‡πÄ‡∏ó‡∏û‡∏°‡∏´‡∏≤‡∏ô‡∏Ñ‡∏£,,,,,,97.0,79.0,-18%,NuDeeClass,,shopee,https://shopee.co.th/find_similar_products?catid=100629&itemid=21195320809&shopid=439554464,,,21195320809,439554464
https://shopee.co.th/%E0%B8%AA%E0%B8%B4%E0%B8%99%E0%B8%84%E0%B9%89%E0%B8%B2-Eggyday-%E0%B9%80%E0%B8%AA%E0%B9%89%E0%B8%99%E0%B8%AB%E0%B8%A1%E0%B8%B5%E0%B9%88%E0%B9%82%E0%B8%9B%E0%B8%A3%E0%B8%95%E0%B8%B5%E0%B8%99%E0%B9%84%E0%B8%82%E0%B9%88%E0%B8%82%E0%B8%B2%E0%B8%A7-100g-i.439554464.24803505783?sp_atk=f84f8e1a-be22-4cb1-b231-f33fdc5d41e3&xptdk=f84f8e1a-be22-4cb1-b231-f33fdc5d41e3,‡∏™‡∏¥‡∏ô‡∏Ñ‡πâ‡∏≤ Eggyday ‡πÄ‡∏™‡πâ‡∏ô‡∏´‡∏°‡∏µ‡πà‡πÇ‡∏õ‡∏£‡∏ï‡∏µ‡∏ô‡πÑ‡∏Ç‡πà‡∏Ç‡∏≤‡∏ß 100g,"‡πÇ‡∏õ‡∏£‡∏ï‡∏µ‡∏ô‡πÑ‡∏Ç‡πà‡∏Ç‡∏≤‡∏ß, ‡πÄ‡∏™‡πâ‡∏ô‡∏´‡∏°‡∏µ‡πà‡πÇ‡∏õ‡∏£‡∏ï‡∏µ‡∏ô‡πÑ‡∏Ç‡πà‡∏Ç‡∏≤‡∏ß",‡∏à‡∏±‡∏á‡∏´‡∏ß‡∏±‡∏î‡∏Å‡∏£‡∏∏‡∏á‡πÄ‡∏ó‡∏û‡∏°‡∏´‡∏≤‡∏ô‡∏Ñ‡∏£,,,‡∏Ç‡∏≤‡∏¢‡πÅ‡∏•‡πâ‡∏ß 1 ‡∏ä‡∏¥‡πâ‡∏ô,,,96.0,79.0,-17%,NuDeeClass,,shopee,https://shopee.co.th/find_similar_products?catid=100629&itemid=24803505783&shopid=439554464,,,24803505783,439554464
https://shopee.co.th/%E0%B9%80%E0%B8%AA%E0%B9%89%E0%B8%99%E0%B9%84%E0%B8%82%E0%B9%88%E0%B8%82%E0%B8%B2%E0%B8%A7%E0%B8%84%E0%B8%B5%E0%B9%82%E0%B8%95-no-carb-no-fat-%E0%B8%9E%E0%B8%A5%E0%B8%B1%E0%B8%87%E0%B8%87%E0%B8%B2%E0%B8%99%E0%B8%95%E0%B9%88%E0%B8%B3-%E0%B8%AD%E0%B8%A3%E0%B9%88%E0%B8%AD%E0%B8%A2%E0%B8%9E%E0%B8%A3%E0%B9%89%E0%B8%AD%E0%B8%A1%E0%B8%97%E0%B8%B2%E0%B8%99-keto-i.125701612.18239828203?sp_atk=50021838-dd05-4c72-847b-03a6629f1f5d&xptdk=50021838-dd05-4c72-847b-03a6629f1f5d,"‡πÄ‡∏™‡πâ‡∏ô‡πÑ‡∏Ç‡πà‡∏Ç‡∏≤‡∏ß‡∏Ñ‡∏µ‡πÇ‡∏ï no carb,no fat ‡∏û‡∏•‡∏±‡∏á‡∏á‡∏≤‡∏ô‡∏ï‡πà‡∏≥ ‡∏≠‡∏£‡πà‡∏≠‡∏¢‡∏û‡∏£‡πâ‡∏≠‡∏°‡∏ó‡∏≤‡∏ô keto",‡πÄ‡∏™‡πâ‡∏ô‡πÑ‡∏Ç‡πà‡∏Ç‡∏≤‡∏ß,‡∏à‡∏±‡∏á‡∏´‡∏ß‡∏±‡∏î‡∏Å‡∏£‡∏∏‡∏á‡πÄ‡∏ó‡∏û‡∏°‡∏´‡∏≤‡∏ô‡∏Ñ‡∏£,,,,"‡πÄ‡∏™‡πâ‡∏ô‡∏£‡∏≤‡πÄ‡∏°‡∏ô(‡∏ã‡∏≠‡∏á‡∏ü‡πâ‡∏≤), ‡πÄ‡∏™‡πâ‡∏ô‡∏´‡∏°‡∏µ‡πà(‡∏ã‡∏≠‡∏á‡∏ä‡∏°‡∏û‡∏π)",,69.0,69.0,,hitdd,,shopee,https://shopee.co.th/find_similar_products?catid=100629&itemid=18239828203&shopid=125701612,,,18239828203,125701612
https://shopee.co.th/Eggyday-%E0%B9%80%E0%B8%AA%E0%B9%89%E0%B8%99%E0%B8%AB%E0%B8%A1%E0%B8%B5%E0%B9%88%E0%B9%82%E0%B8%9B%E0%B8%A3%E0%B8%95%E0%B8%B5%E0%B8%99%E0%B9%84%E0%B8%82%E0%B9%88%E0%B8%82%E0%B8%B2%E0%B8%A7-%E0%B8%9E%E0%B8%A3%E0%B9%89%E0%B8%AD%E0%B8%A1%E0%B8%A3%E0%B8%B1%E0%B8%9A%E0%B8%9B%E0%B8%A3%E0%B8%B0%E0%B8%97%E0%B8%B2%E0%B8%99-100-g-i.1083676728.25558775840?sp_atk=510876c3-ebdc-4219-bbab-b679e812951f&xptdk=510876c3-ebdc-4219-bbab-b679e812951f,Eggyday ‡πÄ‡∏™‡πâ‡∏ô‡∏´‡∏°‡∏µ‡πà‡πÇ‡∏õ‡∏£‡∏ï‡∏µ‡∏ô‡πÑ‡∏Ç‡πà‡∏Ç‡∏≤‡∏ß ‡∏û‡∏£‡πâ‡∏≠‡∏°‡∏£‡∏±‡∏ö‡∏õ‡∏£‡∏∞‡∏ó‡∏≤‡∏ô 100 g,"‡πÇ‡∏õ‡∏£‡∏ï‡∏µ‡∏ô‡πÑ‡∏Ç‡πà‡∏Ç‡∏≤‡∏ß, ‡πÄ‡∏™‡πâ‡∏ô‡∏´‡∏°‡∏µ‡πà‡πÇ‡∏õ‡∏£‡∏ï‡∏µ‡∏ô‡πÑ‡∏Ç‡πà‡∏Ç‡∏≤‡∏ß",‡∏à‡∏±‡∏á‡∏´‡∏ß‡∏±‡∏î‡∏Å‡∏£‡∏∏‡∏á‡πÄ‡∏ó‡∏û‡∏°‡∏´‡∏≤‡∏ô‡∏Ñ‡∏£,,,,,,80.0,76.0,-4%,Kaiteki Pro,,shopee,https://shopee.co.th/find_similar_products?catid=100629&itemid=25558775840&shopid=1083676728,,,25558775840,1083676728
https://shopee.co.th/%E0%B9%80%E0%B8%AA%E0%B9%89%E0%B8%99%E0%B9%84%E0%B8%82%E0%B9%88%E0%B8%82%E0%B8%B2%E0%B8%A7-100-%E0%B9%82%E0%B8%9B%E0%B8%A3%E0%B8%95%E0%B8%B5%E0%B8%99%E0%B9%81%E0%B8%99%E0%B9%88%E0%B8%99-%E0%B8%99%E0%B8%A7%E0%B8%B1%E0%B8%95%E0%B8%81%E0%B8%A3%E0%B8%A3%E0%B8%A1%E0%B9%83%E0%B8%AB%E0%B8%A1%E0%B9%88%E0%B8%97%E0%B8%B5%E0%B9%88%E0%B9%84%E0%B8%A1%E0%B9%88%E0%B8%AD%E0%B9%89%E0%B8%A7%E0%B8%99-i.492837672.13076119470?sp_atk=ef7630ef-8d3e-4d1b-8375-4519acf7160f&xptdk=ef7630ef-8d3e-4d1b-8375-4519acf7160f,‡πÄ‡∏™‡πâ‡∏ô‡πÑ‡∏Ç‡πà‡∏Ç‡∏≤‡∏ß 100% ‡πÇ‡∏õ‡∏£‡∏ï‡∏µ‡∏ô‡πÅ‡∏ô‡πà‡∏ô ‡∏ô‡∏ß‡∏±‡∏ï‡∏Å‡∏£‡∏£‡∏°‡πÉ‡∏´‡∏°‡πà‡∏ó‡∏µ‡πà‡πÑ‡∏°‡πà‡∏≠‡πâ‡∏ß‡∏ô,‡πÄ‡∏™‡πâ‡∏ô‡πÑ‡∏Ç‡πà‡∏Ç‡∏≤‡∏ß,‡∏à‡∏±‡∏á‡∏´‡∏ß‡∏±‡∏î‡∏Å‡∏£‡∏∏‡∏á‡πÄ‡∏ó‡∏û‡∏°‡∏´‡∏≤‡∏ô‡∏Ñ‡∏£,4.8,,‡∏Ç‡∏≤‡∏¢‡πÅ‡∏•‡πâ‡∏ß 487 ‡∏ä‡∏¥‡πâ‡∏ô,"‡πÄ‡∏™‡πâ‡∏ô‡πÑ‡∏Ç‡πà‡∏Ç‡∏≤‡∏ß, ‡πÄ‡∏™‡πâ‡∏ô‡∏´‡∏°‡∏µ‡πÑ‡∏Ç‡πà‡∏Ç‡∏≤‡∏ß, ‡πÄ‡∏™‡πâ‡∏ô‡∏™‡∏õ‡∏≤‡πÄ‡∏Å‡πá‡∏ï‡∏ï‡∏µ‡πâ‡πÑ‡∏Ç‡πà‡∏Ç‡∏≤‡∏ß",,73.0,70.0,-3%,Healthy_Station,,shopee,https://shopee.co.th/find_similar_products?catid=100629&itemid=13076119470&shopid=492837672,,,13076119470,492837672
https://shopee.co.th/%E0%B9%80%E0%B8%AA%E0%B9%89%E0%B8%99%E0%B9%84%E0%B8%82%E0%B9%88%E0%B8%82%E0%B8%B2%E0%B8%A7%E0%B8%99%E0%B8%B4%E0%B9%88%E0%B8%A1%E0%B8%99%E0%B8%B4%E0%B9%88%E0%B8%A1-%E0%B9%84%E0%B8%A3%E0%B9%89%E0%B9%81%E0%B8%9B%E0%B9%89%E0%B8%87-%E0%B9%84%E0%B8%A3%E0%B9%89%E0%B9%84%E0%B8%82%E0%B8%A1%E0%B8%B1%E0%B8%99-%E0%B8%A1%E0%B8%B5%E0%B9%82%E0%B8%9B%E0%B8%A3%E0%B8%95%E0%B8%B5%E0%B8%99%E0%B8%AA%E0%B8%B9%E0%B8%87-Nimnim-i.1040490139.22359596430?sp_atk=be1ac49a-2a9d-466d-b686-68fe9f149b3e&xptdk=be1ac49a-2a9d-466d-b686-68fe9f149b3e,‡πÄ‡∏™‡πâ‡∏ô‡πÑ‡∏Ç‡πà‡∏Ç‡∏≤‡∏ß‡∏ô‡∏¥‡πà‡∏°‡∏ô‡∏¥‡πà‡∏° ‡πÑ‡∏£‡πâ‡πÅ‡∏õ‡πâ‡∏á ‡πÑ‡∏£‡πâ‡πÑ‡∏Ç‡∏°‡∏±‡∏ô ‡∏°‡∏µ‡πÇ‡∏õ‡∏£‡∏ï‡∏µ‡∏ô‡∏™‡∏π‡∏á Nimnim,‡πÄ‡∏™‡πâ‡∏ô‡πÑ‡∏Ç‡πà‡∏Ç‡∏≤‡∏ß,‡∏à‡∏±‡∏á‡∏´‡∏ß‡∏±‡∏î‡∏Å‡∏£‡∏∏‡∏á‡πÄ‡∏ó‡∏û‡∏°‡∏´‡∏≤‡∏ô‡∏Ñ‡∏£,4.8,,‡∏Ç‡∏≤‡∏¢‡πÅ‡∏•‡πâ‡∏ß 63 ‡∏ä‡∏¥‡πâ‡∏ô,,,86.0,75.0,-12%,minnafoods / ‡∏°‡∏¥‡∏ô‡∏ô‡∏∞‡∏ü‡∏π‡πâ‡∏î‡∏™‡πå,,shopee,https://shopee.co.th/find_similar_products?catid=100629&itemid=22359596430&shopid=1040490139,,,22359596430,1040490139
https://shopee.co.th/-%E0%B8%A2%E0%B8%81%E0%B8%A5%E0%B8%B1%E0%B8%87-12-%E0%B8%82%E0%B8%A7%E0%B8%94-%E0%B9%80%E0%B8%84%E0%B8%A3%E0%B8%B7%E0%B9%88%E0%B8%AD%E0%B8%87%E0%B8%94%E0%B8%B7%E0%B9%88%E0%B8%A1%E0%B9%82%E0%B8%9B%E0%B8%A3%E0%B8%95%E0%B8%B5%E0%B8%99%E0%B9%84%E0%B8%82%E0%B9%88%E0%B8%82%E0%B8%B2%E0%B8%A7-%E0%B8%99%E0%B8%A1%E0%B9%84%E0%B8%82%E0%B9%88%E0%B8%82%E0%B8%B2%E0%B8%A7-%E0%B8%A3%E0%B8%AA%E0%B8%A3%E0%B8%B4%E0%B8%8A%E0%B9%82%E0%B8%81%E0%B9%82%E0%B8%81%E0%B9%89-180-%E0%B8%A1%E0%B8%A5.-%E0%B8%95%E0%B8%A3%E0%B8%B2%E0%B8%A1%E0%B8%B4%E0%B8%99%E0%B8%99%E0%B8%B0-i.1040490139.24621906118?sp_atk=464ce15c-409c-4691-b7c0-5266c5887ba6&xptdk=464ce15c-409c-4691-b7c0-5266c5887ba6,[ ‡∏¢‡∏Å‡∏•‡∏±‡∏á 12 ‡∏Ç‡∏ß‡∏î ]‡πÄ‡∏Ñ‡∏£‡∏∑‡πà‡∏≠‡∏á‡∏î‡∏∑‡πà‡∏°‡πÇ‡∏õ‡∏£‡∏ï‡∏µ‡∏ô‡πÑ‡∏Ç‡πà‡∏Ç‡∏≤‡∏ß ‡∏ô‡∏°‡πÑ‡∏Ç‡πà‡∏Ç‡∏≤‡∏ß ‡∏£‡∏™‡∏£‡∏¥‡∏ä‡πÇ‡∏Å‡πÇ‡∏Å‡πâ 180 ‡∏°‡∏•. ‡∏ï‡∏£‡∏≤‡∏°‡∏¥‡∏ô‡∏ô‡∏∞,‡πÇ‡∏õ‡∏£‡∏ï‡∏µ‡∏ô‡πÑ‡∏Ç‡πà‡∏Ç‡∏≤‡∏ß,‡∏à‡∏±‡∏á‡∏´‡∏ß‡∏±‡∏î‡∏Å‡∏£‡∏∏‡∏á‡πÄ‡∏ó‡∏û‡∏°‡∏´‡∏≤‡∏ô‡∏Ñ‡∏£,5.0,,‡∏Ç‡∏≤‡∏¢‡πÅ‡∏•‡πâ‡∏ß 18 ‡∏ä‡∏¥‡πâ‡∏ô,,,1025.0,850.0,-17%,minnafoods / ‡∏°‡∏¥‡∏ô‡∏ô‡∏∞‡∏ü‡∏π‡πâ‡∏î‡∏™‡πå,,shopee,https://shopee.co.th/find_similar_products?catid=100629&itemid=24621906118&shopid=1040490139,,,24621906118,1040490139
https://shopee.co.th/%E0%B9%80%E0%B8%AA%E0%B9%89%E0%B8%99%E0%B9%84%E0%B8%82%E0%B9%88%E0%B8%82%E0%B8%B2%E0%B8%A7-Nimnim-%E0%B9%82%E0%B8%9B%E0%B8%A3%E0%B8%95%E0%B8%B5%E0%B8%99%E0%B8%AA%E0%B8%B9%E0%B8%87%E0%B8%84%E0%B8%A5%E0%B8%B0%E0%B9%81%E0%B8%9A%E0%B8%9A%E0%B9%84%E0%B8%94%E0%B9%89-i.9921141.9755291486?sp_atk=53a7197c-4b41-487e-b2bd-4289c9b80ac2&xptdk=53a7197c-4b41-487e-b2bd-4289c9b80ac2,‡πÄ‡∏™‡πâ‡∏ô‡πÑ‡∏Ç‡πà‡∏Ç‡∏≤‡∏ß Nimnim ‡πÇ‡∏õ‡∏£‡∏ï‡∏µ‡∏ô‡∏™‡∏π‡∏á‡∏Ñ‡∏•‡∏∞‡πÅ‡∏ö‡∏ö‡πÑ‡∏î‡πâ,‡πÄ‡∏™‡πâ‡∏ô‡πÑ‡∏Ç‡πà‡∏Ç‡∏≤‡∏ß,‡∏à‡∏±‡∏á‡∏´‡∏ß‡∏±‡∏î‡∏Å‡∏£‡∏∏‡∏á‡πÄ‡∏ó‡∏û‡∏°‡∏´‡∏≤‡∏ô‡∏Ñ‡∏£,4.9,,‡∏Ç‡∏≤‡∏¢‡πÅ‡∏•‡πâ‡∏ß 136 ‡∏ä‡∏¥‡πâ‡∏ô,"‡πÄ‡∏™‡πâ‡∏ô‡πÑ‡∏Ç‡πà‡∏Ç‡∏≤‡∏ß, ‡πÄ‡∏™‡πâ‡∏ô‡∏´‡∏°‡∏µ‡πà‡πÑ‡∏Ç‡πà‡∏Ç‡∏≤‡∏ß, ‡πÄ‡∏™‡πâ‡∏ô‡∏™‡∏õ‡∏≤‡πÄ‡∏Å‡∏ï‡∏ï‡∏µ‡πÑ‡∏£‡πâ‡πÅ‡∏õ‡πâ‡∏á",,85.0,85.0,,All natuur,,shopee,https://shopee.co.th/find_similar_products?catid=100629&itemid=9755291486&shopid=9921141,,,9755291486,9921141
https://shopee.co.th/%E0%B9%80%E0%B8%AA%E0%B9%89%E0%B8%99%E0%B8%AB%E0%B8%A1%E0%B8%B5%E0%B9%88%E0%B9%84%E0%B8%82%E0%B9%88%E0%B8%82%E0%B8%B2%E0%B8%A7-%E0%B9%80%E0%B8%AA%E0%B9%89%E0%B8%99%E0%B8%AB%E0%B8%A1%E0%B8%B5%E0%B9%88-%E0%B8%99%E0%B8%B8%E0%B9%88%E0%B8%A1-%E0%B8%84%E0%B8%B5%E0%B9%82%E0%B8%95%E0%B8%97%E0%B8%B2%E0%B8%99%E0%B9%84%E0%B8%94%E0%B9%89-%E0%B9%84%E0%B8%A3%E0%B9%89%E0%B9%81%E0%B8%9B%E0%B9%89%E0%B8%87-%E0%B9%84%E0%B8%A1%E0%B9%88%E0%B8%A1%E0%B8%B5%E0%B8%99%E0%B9%89%E0%B8%B3%E0%B8%95%E0%B8%B2%E0%B8%A5-i.196877240.11426253744?sp_atk=5c912d51-1c7e-4ec8-bf4c-433434aed058&xptdk=5c912d51-1c7e-4ec8-bf4c-433434aed058,‡πÄ‡∏™‡πâ‡∏ô‡∏´‡∏°‡∏µ‡πà‡πÑ‡∏Ç‡πà‡∏Ç‡∏≤‡∏ß ‡πÄ‡∏™‡πâ‡∏ô‡∏´‡∏°‡∏µ‡πà ‡∏ô‡∏∏‡πà‡∏° ‡∏Ñ‡∏µ‡πÇ‡∏ï‡∏ó‡∏≤‡∏ô‡πÑ‡∏î‡πâ ‡πÑ‡∏£‡πâ‡πÅ‡∏õ‡πâ‡∏á ‡πÑ‡∏°‡πà‡∏°‡∏µ‡∏ô‡πâ‡∏≥‡∏ï‡∏≤‡∏•,‡πÄ‡∏™‡πâ‡∏ô‡∏´‡∏°‡∏µ‡πà‡πÑ‡∏Ç‡πà‡∏Ç‡∏≤‡∏ß,‡∏à‡∏±‡∏á‡∏´‡∏ß‡∏±‡∏î‡∏Å‡∏£‡∏∏‡∏á‡πÄ‡∏ó‡∏û‡∏°‡∏´‡∏≤‡∏ô‡∏Ñ‡∏£,5.0,,‡∏Ç‡∏≤‡∏¢‡πÅ‡∏•‡πâ‡∏ß 17 ‡∏ä‡∏¥‡πâ‡∏ô,"1 ‡∏´‡πà‡∏≠, 2 ‡∏´‡πà‡∏≠ !!!!, 3 ‡∏´‡πà‡∏≠ !!!!, 4 ‡∏´‡πà‡∏≠ !!!!",,96.0,79.0,-17%,‡∏ö‡πâ‡∏≤‡∏ô‡πÅ‡∏Å‡πâ‡∏°‡∏¢‡∏∏‡πâ‡∏¢ Keto&Lowcarb,,shopee,https://shopee.co.th/find_similar_products?catid=100629&itemid=11426253744&shopid=196877240,,,11426253744,196877240
https://shopee.co.th/-%E0%B8%A2%E0%B8%81%E0%B8%A5%E0%B8%B1%E0%B8%87-50-%E0%B8%96%E0%B8%B8%E0%B8%87-%E0%B9%80%E0%B8%AA%E0%B9%89%E0%B8%99%E0%B8%AB%E0%B8%A1%E0%B8%B5%E0%B9%88%E0%B9%84%E0%B8%82%E0%B9%88%E0%B8%82%E0%B8%B2%E0%B8%A7-%E0%B8%A3%E0%B8%B2%E0%B8%84%E0%B8%B2%E0%B8%9E%E0%B8%B4%E0%B9%80%E0%B8%A8%E0%B8%A9-%E0%B8%95%E0%B8%A3%E0%B8%B2%E0%B8%99%E0%B8%B4%E0%B9%88%E0%B8%A1%E0%B8%99%E0%B8%B4%E0%B9%88%E0%B8%A1-i.498854118.19955616756?sp_atk=45985d34-ab83-47ba-a397-cdbc80b9d9a1&xptdk=45985d34-ab83-47ba-a397-cdbc80b9d9a1,[‡∏¢‡∏Å‡∏•‡∏±‡∏á 50 ‡∏ñ‡∏∏‡∏á] ‡πÄ‡∏™‡πâ‡∏ô‡∏´‡∏°‡∏µ‡πà‡πÑ‡∏Ç‡πà‡∏Ç‡∏≤‡∏ß ‡∏£‡∏≤‡∏Ñ‡∏≤‡∏û‡∏¥‡πÄ‡∏®‡∏© ‡∏ï‡∏£‡∏≤‡∏ô‡∏¥‡πà‡∏°‡∏ô‡∏¥‡πà‡∏°,‡πÄ‡∏™‡πâ‡∏ô‡∏´‡∏°‡∏µ‡πà‡πÑ‡∏Ç‡πà‡∏Ç‡∏≤‡∏ß,‡∏à‡∏±‡∏á‡∏´‡∏ß‡∏±‡∏î‡∏Å‡∏£‡∏∏‡∏á‡πÄ‡∏ó‡∏û‡∏°‡∏´‡∏≤‡∏ô‡∏Ñ‡∏£,4.9,,‡∏Ç‡∏≤‡∏¢‡πÅ‡∏•‡πâ‡∏ß 38 ‡∏ä‡∏¥‡πâ‡∏ô,,,,,,Nimnim Noodle Official,official,shopee,https://shopee.co.th/find_similar_products?catid=100629&itemid=19955616756&shopid=498854118,,,19955616756,498854118
https://shopee.co.th/Egg-Bite-%E0%B8%82%E0%B8%99%E0%B8%A1%E0%B8%82%E0%B9%89%E0%B8%B2%E0%B8%A7%E0%B8%AD%E0%B8%9A%E0%B8%81%E0%B8%A3%E0%B8%AD%E0%B8%9A%E0%B9%84%E0%B8%82%E0%B9%88%E0%B8%82%E0%B8%B2%E0%B8%A7-%E0%B8%82%E0%B8%99%E0%B8%A1%E0%B9%82%E0%B8%9B%E0%B8%A3%E0%B8%95%E0%B8%B5%E0%B8%99%E0%B9%84%E0%B8%82%E0%B9%88%E0%B8%82%E0%B8%B2%E0%B8%A7-%E0%B8%82%E0%B8%99%E0%B8%A1%E0%B9%80%E0%B8%9E%E0%B8%B7%E0%B9%88%E0%B8%AD%E0%B8%AA%E0%B8%B8%E0%B8%82%E0%B8%A0%E0%B8%B2%E0%B8%9E-%E0%B9%80%E0%B8%94%E0%B9%87%E0%B8%81-%E0%B8%9C%E0%B8%B9%E0%B9%89%E0%B8%AA%E0%B8%B9%E0%B8%87%E0%B8%AD%E0%B8%B2%E0%B8%A2%E0%B8%B8-%E0%B8%82%E0%B8%99%E0%B8%A1%E0%B8%9C%E0%B8%B9%E0%B9%89%E0%B8%9B%E0%B9%88%E0%B8%A7%E0%B8%A2-%E0%B8%A1%E0%B8%B0%E0%B9%80%E0%B8%A3%E0%B9%87%E0%B8%87-%E0%B9%84%E0%B8%95-%E0%B8%82%E0%B8%99%E0%B8%A1%E0%B9%84%E0%B8%82%E0%B9%88%E0%B8%82%E0%B8%B2%E0%B8%A7-i.1048463034.25481593103?sp_atk=41a75683-ac02-48e4-ad05-61102d1d6057&xptdk=41a75683-ac02-48e4-ad05-61102d1d6057,Egg Bite ‡∏Ç‡∏ô‡∏°‡∏Ç‡πâ‡∏≤‡∏ß‡∏≠‡∏ö‡∏Å‡∏£‡∏≠‡∏ö‡πÑ‡∏Ç‡πà‡∏Ç‡∏≤‡∏ß ‡∏Ç‡∏ô‡∏°‡πÇ‡∏õ‡∏£‡∏ï‡∏µ‡∏ô‡πÑ‡∏Ç‡πà‡∏Ç‡∏≤‡∏ß  ‡∏Ç‡∏ô‡∏°‡πÄ‡∏û‡∏∑‡πà‡∏≠‡∏™‡∏∏‡∏Ç‡∏†‡∏≤‡∏û ‡πÄ‡∏î‡πá‡∏Å ‡∏ú‡∏π‡πâ‡∏™‡∏π‡∏á‡∏≠‡∏≤‡∏¢‡∏∏ ‡∏Ç‡∏ô‡∏°‡∏ú‡∏π‡πâ‡∏õ‡πà‡∏ß‡∏¢ ‡∏°‡∏∞‡πÄ‡∏£‡πá‡∏á ‡πÑ‡∏ï ‡∏Ç‡∏ô‡∏°‡πÑ‡∏Ç‡πà‡∏Ç‡∏≤‡∏ß,‡πÇ‡∏õ‡∏£‡∏ï‡∏µ‡∏ô‡πÑ‡∏Ç‡πà‡∏Ç‡∏≤‡∏ß,‡∏à‡∏±‡∏á‡∏´‡∏ß‡∏±‡∏î‡∏õ‡∏ó‡∏∏‡∏°‡∏ò‡∏≤‡∏ô‡∏µ,4.8,,‡∏Ç‡∏≤‡∏¢‡πÅ‡∏•‡πâ‡∏ß 107 ‡∏ä‡∏¥‡πâ‡∏ô,"Original ‡∏≠‡∏≠‡∏£‡∏¥‡∏à‡∏¥‡∏ô‡∏±‡∏•, Barbeque ‡∏ö‡∏≤‡∏£‡πå‡∏ö‡∏µ‡∏Ñ‡∏¥‡∏ß",,75.0,75.0,,Care Corner and More,recom,shopee,https://shopee.co.th/find_similar_products?catid=100629&itemid=25481593103&shopid=1048463034,,,25481593103,1048463034
https://shopee.co.th/SANO-%E0%B8%8B%E0%B8%B2%E0%B9%82%E0%B8%99%E0%B9%88-%E0%B9%80%E0%B8%AA%E0%B9%89%E0%B8%99%E0%B8%9F%E0%B8%B9%E0%B8%8B%E0%B8%B4%E0%B8%A5%E0%B8%B5%E0%B9%88%E0%B9%84%E0%B8%82%E0%B9%88%E0%B8%82%E0%B8%B2%E0%B8%A7-EGG-WHITE-FUSILLI-%E0%B9%82%E0%B8%9B%E0%B8%A3%E0%B8%95%E0%B8%B5%E0%B8%99%E0%B9%84%E0%B8%82%E0%B9%88%E0%B8%82%E0%B8%B2%E0%B8%A7-%E0%B8%9B%E0%B8%A5%E0%B8%AD%E0%B8%94%E0%B8%81%E0%B8%A5%E0%B8%B9%E0%B9%80%E0%B8%95%E0%B9%87%E0%B8%99-%E0%B8%82%E0%B8%99%E0%B8%B2%E0%B8%94-500g-%E0%B9%81%E0%B8%A5%E0%B8%B0-1-000g-i.369378822.26405745054?sp_atk=45a5c1ce-6da6-4218-b51d-bc5442b7bc2e&xptdk=45a5c1ce-6da6-4218-b51d-bc5442b7bc2e,"SANO ‡∏ã‡∏≤‡πÇ‡∏ô‡πà ‡πÄ‡∏™‡πâ‡∏ô‡∏ü‡∏π‡∏ã‡∏¥‡∏•‡∏µ‡πà‡πÑ‡∏Ç‡πà‡∏Ç‡∏≤‡∏ß EGG WHITE FUSILLI ‡πÇ‡∏õ‡∏£‡∏ï‡∏µ‡∏ô‡πÑ‡∏Ç‡πà‡∏Ç‡∏≤‡∏ß ‡∏õ‡∏•‡∏≠‡∏î‡∏Å‡∏•‡∏π‡πÄ‡∏ï‡πá‡∏ô ‡∏Ç‡∏ô‡∏≤‡∏î 500g ‡πÅ‡∏•‡∏∞ 1,000g",‡πÇ‡∏õ‡∏£‡∏ï‡∏µ‡∏ô‡πÑ‡∏Ç‡πà‡∏Ç‡∏≤‡∏ß,‡∏à‡∏±‡∏á‡∏´‡∏ß‡∏±‡∏î‡∏Å‡∏£‡∏∏‡∏á‡πÄ‡∏ó‡∏û‡∏°‡∏´‡∏≤‡∏ô‡∏Ñ‡∏£,5.0,,‡∏Ç‡∏≤‡∏¢‡πÅ‡∏•‡πâ‡∏ß 1 ‡∏ä‡∏¥‡πâ‡∏ô,"‡∏Ç‡∏ô‡∏≤‡∏î 500g - 1 ‡∏ã‡∏≠‡∏á, ‡∏Ç‡∏ô‡∏≤‡∏î 1,000g - 1 ‡∏ã‡∏≠‡∏á",,917.0,898.0,-2%,KassMedicare ‡πÅ‡∏Ñ‡∏™‡∏™‡πå‡πÄ‡∏°‡∏î‡∏¥‡πÅ‡∏Ñ‡∏£‡πå,recom,shopee,https://shopee.co.th/find_similar_products?catid=100629&itemid=26405745054&shopid=369378822,,,26405745054,369378822
https://shopee.co.th/%E0%B8%9E%E0%B8%A3%E0%B9%89%E0%B8%AD%E0%B8%A1%E0%B8%AA%E0%B9%88%E0%B8%87%EF%BC%81%EF%BC%81-%E0%B9%80%E0%B8%AA%E0%B9%89%E0%B8%99%E0%B9%84%E0%B8%82%E0%B9%88%E0%B8%82%E0%B8%B2%E0%B8%A7-%E0%B8%99%E0%B8%B4%E0%B9%88%E0%B8%A1%E0%B8%99%E0%B8%B4%E0%B9%88%E0%B8%A1-180-%E0%B8%81.-(%E0%B8%99%E0%B9%89%E0%B8%B3%E0%B8%AB%E0%B8%99%E0%B8%B1%E0%B8%81%E0%B9%80%E0%B8%AA%E0%B9%89%E0%B8%99-100-%E0%B8%81%E0%B8%A3%E0%B8%B1%E0%B8%A1)-%E0%B8%AD%E0%B8%A3%E0%B9%88%E0%B8%AD%E0%B8%A2%E0%B9%81%E0%B8%9A%E0%B8%9A%E0%B9%84%E0%B8%A1%E0%B9%88%E0%B8%81%E0%B8%B1%E0%B8%87%E0%B8%A7%E0%B8%A5-%E0%B8%84%E0%B8%B4%E0%B8%94%E0%B8%84%E0%B9%89%E0%B8%99%E0%B9%82%E0%B8%94%E0%B8%A2%E0%B8%99%E0%B8%B1%E0%B8%81%E0%B9%82%E0%B8%A0%E0%B8%8A%E0%B8%99%E0%B8%B2%E0%B8%81%E0%B8%B2%E0%B8%A3-%E0%B9%80%E0%B8%81%E0%B9%87%E0%B8%9A%E0%B9%84%E0%B8%94%E0%B9%89-1-%E0%B8%9B%E0%B8%B5-%E0%B9%82%E0%B8%94%E0%B8%A2%E0%B9%84%E0%B8%A1%E0%B9%88%E0%B8%95%E0%B9%89-i.520343541.11453658534?sp_atk=3a7dcbda-7d3b-4ef2-a54e-4a2bee1c4ca6&xptdk=3a7dcbda-7d3b-4ef2-a54e-4a2bee1c4ca6,‡∏û‡∏£‡πâ‡∏≠‡∏°‡∏™‡πà‡∏áÔºÅÔºÅ ‡πÄ‡∏™‡πâ‡∏ô‡πÑ‡∏Ç‡πà‡∏Ç‡∏≤‡∏ß ‡∏ô‡∏¥‡πà‡∏°‡∏ô‡∏¥‡πà‡∏° 180 ‡∏Å. (‡∏ô‡πâ‡∏≥‡∏´‡∏ô‡∏±‡∏Å‡πÄ‡∏™‡πâ‡∏ô 100 ‡∏Å‡∏£‡∏±‡∏°) ‡∏≠‡∏£‡πà‡∏≠‡∏¢‡πÅ‡∏ö‡∏ö‡πÑ‡∏°‡πà‡∏Å‡∏±‡∏á‡∏ß‡∏• ‡∏Ñ‡∏¥‡∏î‡∏Ñ‡πâ‡∏ô‡πÇ‡∏î‡∏¢‡∏ô‡∏±‡∏Å‡πÇ‡∏†‡∏ä‡∏ô‡∏≤‡∏Å‡∏≤‡∏£ ‡πÄ‡∏Å‡πá‡∏ö‡πÑ‡∏î‡πâ 1 ‡∏õ‡∏µ ‡πÇ‡∏î‡∏¢‡πÑ‡∏°‡πà‡∏ï‡πâ,‡πÄ‡∏™‡πâ‡∏ô‡πÑ‡∏Ç‡πà‡∏Ç‡∏≤‡∏ß,‡∏à‡∏±‡∏á‡∏´‡∏ß‡∏±‡∏î‡∏Å‡∏£‡∏∏‡∏á‡πÄ‡∏ó‡∏û‡∏°‡∏´‡∏≤‡∏ô‡∏Ñ‡∏£,,,,"‡πÄ‡∏™‡πâ‡∏ô‡∏Ç‡∏ô‡∏°‡∏à‡∏µ‡∏ô, ‡πÄ‡∏™‡πâ‡∏ô‡∏´‡∏°‡∏µ‡πà, ‡πÄ‡∏™‡πâ‡∏ô‡∏™‡∏õ‡∏≤‡πÄ‡∏Å‡∏ï‡∏ï‡∏µ‡πâ",,453.0,453.0,,l1p40ka3to,,shopee,https://shopee.co.th/find_similar_products?catid=100629&itemid=11453658534&shopid=520343541,,,11453658534,520343541
https://shopee.co.th/Eggyday-%E0%B9%80%E0%B8%AA%E0%B9%89%E0%B8%99%E0%B8%A3%E0%B8%B2%E0%B9%80%E0%B8%A1%E0%B8%99%E0%B9%82%E0%B8%9B%E0%B8%A3%E0%B8%95%E0%B8%B5%E0%B8%99%E0%B9%84%E0%B8%82%E0%B9%88%E0%B8%82%E0%B8%B2%E0%B8%A7-%E0%B8%9E%E0%B8%A3%E0%B9%89%E0%B8%AD%E0%B8%A1%E0%B8%A3%E0%B8%B1%E0%B8%9A%E0%B8%9B%E0%B8%A3%E0%B8%B0%E0%B8%97%E0%B8%B2%E0%B8%99-100-g-%E0%B9%80%E0%B8%AD%E0%B9%89%E0%B8%81%E0%B8%81%E0%B8%B5%E0%B9%89%E0%B9%80%E0%B8%94%E0%B8%A2%E0%B9%8C-i.1083676728.24908778112?sp_atk=891d146f-648c-48ac-a247-22f49594be8c&xptdk=891d146f-648c-48ac-a247-22f49594be8c,Eggyday ‡πÄ‡∏™‡πâ‡∏ô‡∏£‡∏≤‡πÄ‡∏°‡∏ô‡πÇ‡∏õ‡∏£‡∏ï‡∏µ‡∏ô‡πÑ‡∏Ç‡πà‡∏Ç‡∏≤‡∏ß ‡∏û‡∏£‡πâ‡∏≠‡∏°‡∏£‡∏±‡∏ö‡∏õ‡∏£‡∏∞‡∏ó‡∏≤‡∏ô 100 g ‡πÄ‡∏≠‡πâ‡∏Å‡∏Å‡∏µ‡πâ‡πÄ‡∏î‡∏¢‡πå,‡πÇ‡∏õ‡∏£‡∏ï‡∏µ‡∏ô‡πÑ‡∏Ç‡πà‡∏Ç‡∏≤‡∏ß,‡∏à‡∏±‡∏á‡∏´‡∏ß‡∏±‡∏î‡∏Å‡∏£‡∏∏‡∏á‡πÄ‡∏ó‡∏û‡∏°‡∏´‡∏≤‡∏ô‡∏Ñ‡∏£,5.0,,‡∏Ç‡∏≤‡∏¢‡πÅ‡∏•‡πâ‡∏ß 4 ‡∏ä‡∏¥‡πâ‡∏ô,,,80.0,76.0,-4%,Kaiteki Pro,,shopee,https://shopee.co.th/find_similar_products?catid=100629&itemid=24908778112&shopid=1083676728,,,24908778112,1083676728
https://shopee.co.th/Eggy-day-%E0%B9%80%E0%B8%AD%E0%B9%89%E0%B8%81%E0%B8%81%E0%B8%B5%E0%B9%89%E0%B9%80%E0%B8%94%E0%B8%A2%E0%B9%8C-%E0%B9%80%E0%B8%AA%E0%B9%89%E0%B8%99%E0%B8%AB%E0%B8%A1%E0%B8%B5%E0%B9%88%E0%B9%84%E0%B8%82%E0%B9%88%E0%B8%82%E0%B8%B2%E0%B8%A7-%E0%B9%80%E0%B8%AA%E0%B9%89%E0%B8%99%E0%B8%A3%E0%B8%B2%E0%B9%80%E0%B8%A1%E0%B8%99%E0%B9%84%E0%B8%82%E0%B9%88%E0%B8%82%E0%B8%B2%E0%B8%A7-%E0%B9%82%E0%B8%9B%E0%B8%A3%E0%B8%95%E0%B8%B5%E0%B8%99-(-8-10-%E0%B8%81%E0%B8%A3%E0%B8%B1%E0%B8%A1-)-%E0%B9%80%E0%B8%AA%E0%B9%89%E0%B8%99%E0%B9%82%E0%B8%9B%E0%B8%A3%E0%B8%95%E0%B8%B5%E0%B8%99%E0%B9%84%E0%B8%82%E0%B9%88%E0%B8%82%E0%B8%B2%E0%B8%A7-%E0%B8%82%E0%B8%99%E0%B8%B2%E0%B8%94-100-%E0%B8%81%E0%B8%A3%E0%B8%B1%E0%B8%A1-i.155370754.16194628467?sp_atk=969b807d-70f8-41d5-8fb6-dca256617062&xptdk=969b807d-70f8-41d5-8fb6-dca256617062,Eggy day ‡πÄ‡∏≠‡πâ‡∏Å‡∏Å‡∏µ‡πâ‡πÄ‡∏î‡∏¢‡πå : ‡πÄ‡∏™‡πâ‡∏ô‡∏´‡∏°‡∏µ‡πà‡πÑ‡∏Ç‡πà‡∏Ç‡∏≤‡∏ß ‡πÄ‡∏™‡πâ‡∏ô‡∏£‡∏≤‡πÄ‡∏°‡∏ô‡πÑ‡∏Ç‡πà‡∏Ç‡∏≤‡∏ß ‡πÇ‡∏õ‡∏£‡∏ï‡∏µ‡∏ô ( 8/10 ‡∏Å‡∏£‡∏±‡∏° ) ‡πÄ‡∏™‡πâ‡∏ô‡πÇ‡∏õ‡∏£‡∏ï‡∏µ‡∏ô‡πÑ‡∏Ç‡πà‡∏Ç‡∏≤‡∏ß ‡∏Ç‡∏ô‡∏≤‡∏î 100 ‡∏Å‡∏£‡∏±‡∏°,"‡πÇ‡∏õ‡∏£‡∏ï‡∏µ‡∏ô‡πÑ‡∏Ç‡πà‡∏Ç‡∏≤‡∏ß, ‡πÄ‡∏™‡πâ‡∏ô‡∏´‡∏°‡∏µ‡πà‡πÑ‡∏Ç‡πà‡∏Ç‡∏≤‡∏ß",‡∏à‡∏±‡∏á‡∏´‡∏ß‡∏±‡∏î‡∏™‡∏°‡∏∏‡∏ó‡∏£‡∏™‡∏≤‡∏Ñ‡∏£,4.3,,‡∏Ç‡∏≤‡∏¢‡πÅ‡∏•‡πâ‡∏ß 13 ‡∏ä‡∏¥‡πâ‡∏ô,"‡πÄ‡∏™‡πâ‡∏ô‡∏´‡∏°‡∏µ‡πà‡πÑ‡∏Ç‡πà‡∏Ç‡∏≤‡∏ß, ‡πÄ‡∏™‡πâ‡∏ô‡∏£‡∏≤‡πÄ‡∏°‡∏ô‡πÑ‡∏Ç‡πà‡∏Ç‡∏≤‡∏ß",,79.0,79.0,,‡∏û‡∏π‡∏ô‡∏™‡∏∏‡∏Ç,,shopee,https://shopee.co.th/find_similar_products?catid=100629&itemid=16194628467&shopid=155370754,,,16194628467,155370754
https://shopee.co.th/%F0%9F%92%8E%E0%B8%99%E0%B8%B4%E0%B9%88%E0%B8%A1%E0%B8%99%E0%B8%B4%E0%B9%88%E0%B8%A1-Nim-Nim-%E0%B9%80%E0%B8%AA%E0%B9%89%E0%B8%99%E0%B9%84%E0%B8%82%E0%B9%88%E0%B8%82%E0%B8%B2%E0%B8%A7-%E0%B9%80%E0%B8%AA%E0%B9%89%E0%B8%99%E0%B8%AB%E0%B8%A1%E0%B8%B5%E0%B9%88-%E0%B9%80%E0%B8%AA%E0%B9%89%E0%B8%99-%E0%B8%AA%E0%B8%9B%E0%B8%B2%E0%B9%80%E0%B8%81%E0%B9%87%E0%B8%95%E0%B8%95%E0%B8%B5%E0%B9%89-%E0%B8%84%E0%B8%B5%E0%B9%82%E0%B8%95-%E0%B9%82%E0%B8%A5%E0%B8%A7%E0%B8%84%E0%B8%B2%E0%B8%A3%E0%B9%8C%E0%B8%9A-%E0%B8%84%E0%B8%A5%E0%B8%B5%E0%B8%99-%E0%B8%82%E0%B8%99%E0%B8%B2%E0%B8%94-100-%E0%B8%81%E0%B8%A3%E0%B8%B1%E0%B8%A1-%E0%B8%AA%E0%B8%B4%E0%B8%99%E0%B8%84%E0%B9%89%E0%B8%B2%E0%B8%9C%E0%B8%A5%E0%B8%B4%E0%B8%95%E0%B9%83%E0%B8%AB%E0%B8%A1%E0%B9%88%E0%B8%97%E0%B8%B8%E0%B8%81-%E0%B8%A7%E0%B8%B1%E0%B8%99-i.583049800.12455574333?sp_atk=657391ab-f8d2-4643-8f57-ddd587c7f950&xptdk=657391ab-f8d2-4643-8f57-ddd587c7f950,üíé‡∏ô‡∏¥‡πà‡∏°‡∏ô‡∏¥‡πà‡∏° Nim Nim ‡πÄ‡∏™‡πâ‡∏ô‡πÑ‡∏Ç‡πà‡∏Ç‡∏≤‡∏ß / ‡πÄ‡∏™‡πâ‡∏ô‡∏´‡∏°‡∏µ‡πà / ‡πÄ‡∏™‡πâ‡∏ô ‡∏™‡∏õ‡∏≤‡πÄ‡∏Å‡πá‡∏ï‡∏ï‡∏µ‡πâ ‡∏Ñ‡∏µ‡πÇ‡∏ï ‡πÇ‡∏•‡∏ß‡∏Ñ‡∏≤‡∏£‡πå‡∏ö ‡∏Ñ‡∏•‡∏µ‡∏ô ‡∏Ç‡∏ô‡∏≤‡∏î 100 ‡∏Å‡∏£‡∏±‡∏° ‡∏™‡∏¥‡∏ô‡∏Ñ‡πâ‡∏≤‡∏ú‡∏•‡∏¥‡∏ï‡πÉ‡∏´‡∏°‡πà‡∏ó‡∏∏‡∏Å ‡∏ß‡∏±‡∏ô,‡πÄ‡∏™‡πâ‡∏ô‡πÑ‡∏Ç‡πà‡∏Ç‡∏≤‡∏ß,‡∏à‡∏±‡∏á‡∏´‡∏ß‡∏±‡∏î‡∏õ‡∏ó‡∏∏‡∏°‡∏ò‡∏≤‡∏ô‡∏µ,,,,"‡πÄ‡∏™‡πâ‡∏ô‡πÑ‡∏Ç‡πà‡∏Ç‡∏≤‡∏ß, ‡πÄ‡∏™‡πâ‡∏ô‡∏´‡∏°‡∏µ‡πà, ‡πÄ‡∏™‡πâ‡∏ô‡πÄ‡∏´‡∏•‡∏∑‡∏≠‡∏á ‡∏™‡∏õ‡∏≤‡πÄ‡∏Å‡πá‡∏ï‡∏ï‡∏µ",,218.0,218.0,,‡∏£‡πâ‡∏≤‡∏ô‡∏≠‡∏≤‡∏´‡∏≤‡∏£‡∏Æ‡πà‡∏≤‡∏Æ‡πà‡∏≤,,shopee,https://shopee.co.th/find_similar_products?catid=100629&itemid=12455574333&shopid=583049800,,,12455574333,583049800
https://shopee.co.th/%E0%B8%99%E0%B8%B4%E0%B9%88%E0%B8%A1%E0%B8%99%E0%B8%B4%E0%B9%88%E0%B8%A1-Nim-Nim-%E0%B9%80%E0%B8%AA%E0%B9%89%E0%B8%99%E0%B9%84%E0%B8%82%E0%B9%88%E0%B8%82%E0%B8%B2%E0%B8%A7-%E0%B9%80%E0%B8%AA%E0%B9%89%E0%B8%99%E0%B8%AB%E0%B8%A1%E0%B8%B5%E0%B9%88-%E0%B9%80%E0%B8%AA%E0%B9%89%E0%B8%99-%E0%B8%AA%E0%B8%9B%E0%B8%B2%E0%B9%80%E0%B8%81%E0%B9%87%E0%B8%95%E0%B8%95%E0%B8%B5%E0%B9%89-%E0%B8%84%E0%B8%B5%E0%B9%82%E0%B8%95-%E0%B9%82%E0%B8%A5%E0%B8%A7%E0%B8%84%E0%B8%B2%E0%B8%A3%E0%B9%8C%E0%B8%9A-%E0%B8%84%E0%B8%A5%E0%B8%B5%E0%B8%99-%E0%B8%82%E0%B8%99%E0%B8%B2%E0%B8%94-100-%E0%B8%81%E0%B8%A3%E0%B8%B1%E0%B8%A1-%E0%B8%AA%E0%B8%B4%E0%B8%99%E0%B8%84%E0%B9%89%E0%B8%B2%E0%B8%9C%E0%B8%A5%E0%B8%B4%E0%B8%95%E0%B9%83%E0%B8%AB%E0%B8%A1%E0%B9%88%E0%B8%97%E0%B8%B8%E0%B8%81-%E0%B8%A7%E0%B8%B1%E0%B8%99-i.445319225.12513651724?sp_atk=3391e29c-0033-4b3f-9035-914a0882b64e&xptdk=3391e29c-0033-4b3f-9035-914a0882b64e,‡∏ô‡∏¥‡πà‡∏°‡∏ô‡∏¥‡πà‡∏° Nim Nim ‡πÄ‡∏™‡πâ‡∏ô‡πÑ‡∏Ç‡πà‡∏Ç‡∏≤‡∏ß / ‡πÄ‡∏™‡πâ‡∏ô‡∏´‡∏°‡∏µ‡πà / ‡πÄ‡∏™‡πâ‡∏ô ‡∏™‡∏õ‡∏≤‡πÄ‡∏Å‡πá‡∏ï‡∏ï‡∏µ‡πâ ‡∏Ñ‡∏µ‡πÇ‡∏ï ‡πÇ‡∏•‡∏ß‡∏Ñ‡∏≤‡∏£‡πå‡∏ö ‡∏Ñ‡∏•‡∏µ‡∏ô ‡∏Ç‡∏ô‡∏≤‡∏î 100 ‡∏Å‡∏£‡∏±‡∏° ‡∏™‡∏¥‡∏ô‡∏Ñ‡πâ‡∏≤‡∏ú‡∏•‡∏¥‡∏ï‡πÉ‡∏´‡∏°‡πà‡∏ó‡∏∏‡∏Å ‡∏ß‡∏±‡∏ô,‡πÄ‡∏™‡πâ‡∏ô‡πÑ‡∏Ç‡πà‡∏Ç‡∏≤‡∏ß,‡∏à‡∏±‡∏á‡∏´‡∏ß‡∏±‡∏î‡∏Å‡∏£‡∏∏‡∏á‡πÄ‡∏ó‡∏û‡∏°‡∏´‡∏≤‡∏ô‡∏Ñ‡∏£,4.9,,‡∏Ç‡∏≤‡∏¢‡πÅ‡∏•‡πâ‡∏ß 1.4‡∏û‡∏±‡∏ô ‡∏ä‡∏¥‡πâ‡∏ô,"‡πÄ‡∏™‡πâ‡∏ô‡πÑ‡∏Ç‡πà‡∏Ç‡∏≤‡∏ß, ‡πÄ‡∏™‡πâ‡∏ô‡∏´‡∏°‡∏µ‡πà, ‡πÄ‡∏™‡πâ‡∏ô‡πÄ‡∏´‡∏•‡∏∑‡∏≠‡∏á ‡∏™‡∏õ‡∏≤‡πÄ‡∏Å‡πá‡∏ï‡∏ï‡∏µ",,69.0,69.0,,Prohealth,,shopee,https://shopee.co.th/find_similar_products?catid=100629&itemid=12513651724&shopid=445319225,,,12513651724,445319225
https://shopee.co.th/%E0%B8%8A%E0%B8%B8%E0%B8%94%E0%B8%82%E0%B8%AD%E0%B8%87%E0%B8%82%E0%B8%A7%E0%B8%B1%E0%B8%8D-%E0%B8%99%E0%B8%B4%E0%B9%88%E0%B8%A1%E0%B8%99%E0%B8%B4%E0%B9%88%E0%B8%A1-%E0%B9%80%E0%B8%AA%E0%B9%89%E0%B8%99%E0%B9%84%E0%B8%82%E0%B9%88%E0%B8%82%E0%B8%B2%E0%B8%A7-%E0%B9%84%E0%B8%A3%E0%B9%89%E0%B9%81%E0%B8%9B%E0%B9%89%E0%B8%87-%E0%B9%84%E0%B8%A3%E0%B9%89%E0%B9%84%E0%B8%82%E0%B8%A1%E0%B8%B1%E0%B8%99-%E0%B9%82%E0%B8%9B%E0%B8%A3%E0%B8%95%E0%B8%B5%E0%B8%99%E0%B8%AA%E0%B8%B9%E0%B8%87-i.1040490139.25670330550?sp_atk=61d60a1c-438d-4d84-aa4e-4c709a3f36bf&xptdk=61d60a1c-438d-4d84-aa4e-4c709a3f36bf,‡∏ä‡∏∏‡∏î‡∏Ç‡∏≠‡∏á‡∏Ç‡∏ß‡∏±‡∏ç ‡∏ô‡∏¥‡πà‡∏°‡∏ô‡∏¥‡πà‡∏° ‡πÄ‡∏™‡πâ‡∏ô‡πÑ‡∏Ç‡πà‡∏Ç‡∏≤‡∏ß ‡πÑ‡∏£‡πâ‡πÅ‡∏õ‡πâ‡∏á ‡πÑ‡∏£‡πâ‡πÑ‡∏Ç‡∏°‡∏±‡∏ô ‡πÇ‡∏õ‡∏£‡∏ï‡∏µ‡∏ô‡∏™‡∏π‡∏á,‡πÄ‡∏™‡πâ‡∏ô‡πÑ‡∏Ç‡πà‡∏Ç‡∏≤‡∏ß,‡∏à‡∏±‡∏á‡∏´‡∏ß‡∏±‡∏î‡∏Å‡∏£‡∏∏‡∏á‡πÄ‡∏ó‡∏û‡∏°‡∏´‡∏≤‡∏ô‡∏Ñ‡∏£,5.0,,‡∏Ç‡∏≤‡∏¢‡πÅ‡∏•‡πâ‡∏ß 3 ‡∏ä‡∏¥‡πâ‡∏ô,"1 set, 2 set",,613.0,490.0,-20%,minnafoods / ‡∏°‡∏¥‡∏ô‡∏ô‡∏∞‡∏ü‡∏π‡πâ‡∏î‡∏™‡πå,,shopee,https://shopee.co.th/find_similar_products?catid=100629&itemid=25670330550&shopid=1040490139,,,25670330550,1040490139
https://shopee.co.th/%E0%B8%8A%E0%B8%B8%E0%B8%94%E0%B8%82%E0%B8%AD%E0%B8%87%E0%B8%82%E0%B8%A7%E0%B8%B1%E0%B8%8D-%E0%B8%99%E0%B8%B4%E0%B9%88%E0%B8%A1%E0%B8%99%E0%B8%B4%E0%B9%88%E0%B8%A1-%E0%B9%80%E0%B8%AA%E0%B9%89%E0%B8%99%E0%B9%84%E0%B8%82%E0%B9%88%E0%B8%82%E0%B8%B2%E0%B8%A7-%E0%B9%84%E0%B8%A3%E0%B9%89%E0%B9%81%E0%B8%9B%E0%B9%89%E0%B8%87-%E0%B9%84%E0%B8%A3%E0%B9%89%E0%B9%84%E0%B8%82%E0%B8%A1%E0%B8%B1%E0%B8%99-%E0%B9%82%E0%B8%9B%E0%B8%A3%E0%B8%95%E0%B8%B5%E0%B8%99%E0%B8%AA%E0%B8%B9%E0%B8%87-i.498854118.19882741664?sp_atk=de49872a-2838-4bbf-ad9a-3b0f14e5438e&xptdk=de49872a-2838-4bbf-ad9a-3b0f14e5438e,‡∏ä‡∏∏‡∏î‡∏Ç‡∏≠‡∏á‡∏Ç‡∏ß‡∏±‡∏ç ‡∏ô‡∏¥‡πà‡∏°‡∏ô‡∏¥‡πà‡∏° ‡πÄ‡∏™‡πâ‡∏ô‡πÑ‡∏Ç‡πà‡∏Ç‡∏≤‡∏ß ‡πÑ‡∏£‡πâ‡πÅ‡∏õ‡πâ‡∏á ‡πÑ‡∏£‡πâ‡πÑ‡∏Ç‡∏°‡∏±‡∏ô ‡πÇ‡∏õ‡∏£‡∏ï‡∏µ‡∏ô‡∏™‡∏π‡∏á,‡πÄ‡∏™‡πâ‡∏ô‡πÑ‡∏Ç‡πà‡∏Ç‡∏≤‡∏ß,‡∏à‡∏±‡∏á‡∏´‡∏ß‡∏±‡∏î‡∏Å‡∏£‡∏∏‡∏á‡πÄ‡∏ó‡∏û‡∏°‡∏´‡∏≤‡∏ô‡∏Ñ‡∏£,5.0,,‡∏Ç‡∏≤‡∏¢‡πÅ‡∏•‡πâ‡∏ß 29 ‡∏ä‡∏¥‡πâ‡∏ô,"1 ‡πÄ‡∏ã‡∏ï, 2 ‡πÄ‡∏ã‡∏ï",,490.0,490.0,,Nimnim Noodle Official,official,shopee,https://shopee.co.th/find_similar_products?catid=100629&itemid=19882741664&shopid=498854118,,,19882741664,498854118
https://shopee.co.th/%E0%B9%80%E0%B8%AA%E0%B9%89%E0%B8%99%E0%B9%84%E0%B8%82%E0%B9%88%E0%B8%82%E0%B8%B2%E0%B8%A7%E0%B9%84%E0%B8%A3%E0%B9%89%E0%B9%81%E0%B8%9B%E0%B9%89%E0%B8%87-X-%E0%B9%80%E0%B8%84%E0%B8%A3%E0%B8%B7%E0%B9%88%E0%B8%AD%E0%B8%87%E0%B8%94%E0%B8%B7%E0%B9%88%E0%B8%A1%E0%B9%82%E0%B8%9B%E0%B8%A3%E0%B8%95%E0%B8%B5%E0%B8%99%E0%B9%84%E0%B8%82%E0%B9%88%E0%B8%82%E0%B8%B2%E0%B8%A7-%F0%9F%8D%9D-i.216885961.19991619519?sp_atk=1f61b331-c8aa-4fea-89f2-a73d3c57aa72&xptdk=1f61b331-c8aa-4fea-89f2-a73d3c57aa72,‡πÄ‡∏™‡πâ‡∏ô‡πÑ‡∏Ç‡πà‡∏Ç‡∏≤‡∏ß‡πÑ‡∏£‡πâ‡πÅ‡∏õ‡πâ‡∏á X ‡πÄ‡∏Ñ‡∏£‡∏∑‡πà‡∏≠‡∏á‡∏î‡∏∑‡πà‡∏°‡πÇ‡∏õ‡∏£‡∏ï‡∏µ‡∏ô‡πÑ‡∏Ç‡πà‡∏Ç‡∏≤‡∏ß üçù,"‡πÄ‡∏™‡πâ‡∏ô‡πÑ‡∏Ç‡πà‡∏Ç‡∏≤‡∏ß, ‡πÇ‡∏õ‡∏£‡∏ï‡∏µ‡∏ô‡πÑ‡∏Ç‡πà‡∏Ç‡∏≤‡∏ß",‡∏à‡∏±‡∏á‡∏´‡∏ß‡∏±‡∏î‡∏Å‡∏£‡∏∏‡∏á‡πÄ‡∏ó‡∏û‡∏°‡∏´‡∏≤‡∏ô‡∏Ñ‡∏£,4.0,,‡∏Ç‡∏≤‡∏¢‡πÅ‡∏•‡πâ‡∏ß 2 ‡∏ä‡∏¥‡πâ‡∏ô,,,450.0,450.0,,hidailythailand,,shopee,https://shopee.co.th/find_similar_products?catid=100629&itemid=19991619519&shopid=216885961,,,19991619519,216885961
https://shopee.co.th/Eggy-day-%E0%B9%80%E0%B8%AD%E0%B9%89%E0%B8%81%E0%B8%81%E0%B8%B5%E0%B9%89%E0%B9%80%E0%B8%94%E0%B8%A2%E0%B9%8C-%E0%B9%80%E0%B8%AA%E0%B9%89%E0%B8%99%E0%B8%AB%E0%B8%A1%E0%B8%B5%E0%B9%88%E0%B9%84%E0%B8%82%E0%B9%88%E0%B8%82%E0%B8%B2%E0%B8%A7-%E0%B9%82%E0%B8%9B%E0%B8%A3%E0%B8%95%E0%B8%B5%E0%B8%99-10-%E0%B8%81%E0%B8%A3%E0%B8%B1%E0%B8%A1-%E0%B9%80%E0%B8%AA%E0%B9%89%E0%B8%99%E0%B9%82%E0%B8%9B%E0%B8%A3%E0%B8%95%E0%B8%B5%E0%B8%99%E0%B9%84%E0%B8%82%E0%B9%88%E0%B8%82%E0%B8%B2%E0%B8%A7-%E0%B8%82%E0%B8%99%E0%B8%B2%E0%B8%94-100-%E0%B8%81%E0%B8%A3%E0%B8%B1%E0%B8%A1-i.155370754.19779722633?sp_atk=ea22f6be-23bf-40fe-8631-8803f98e9cdb&xptdk=ea22f6be-23bf-40fe-8631-8803f98e9cdb,Eggy day ‡πÄ‡∏≠‡πâ‡∏Å‡∏Å‡∏µ‡πâ‡πÄ‡∏î‡∏¢‡πå : ‡πÄ‡∏™‡πâ‡∏ô‡∏´‡∏°‡∏µ‡πà‡πÑ‡∏Ç‡πà‡∏Ç‡∏≤‡∏ß ‡πÇ‡∏õ‡∏£‡∏ï‡∏µ‡∏ô 10 ‡∏Å‡∏£‡∏±‡∏° ‡πÄ‡∏™‡πâ‡∏ô‡πÇ‡∏õ‡∏£‡∏ï‡∏µ‡∏ô‡πÑ‡∏Ç‡πà‡∏Ç‡∏≤‡∏ß ‡∏Ç‡∏ô‡∏≤‡∏î 100 ‡∏Å‡∏£‡∏±‡∏°,"‡πÇ‡∏õ‡∏£‡∏ï‡∏µ‡∏ô‡πÑ‡∏Ç‡πà‡∏Ç‡∏≤‡∏ß, ‡πÄ‡∏™‡πâ‡∏ô‡∏´‡∏°‡∏µ‡πà‡πÑ‡∏Ç‡πà‡∏Ç‡∏≤‡∏ß",‡∏à‡∏±‡∏á‡∏´‡∏ß‡∏±‡∏î‡∏™‡∏°‡∏∏‡∏ó‡∏£‡∏™‡∏≤‡∏Ñ‡∏£,,,,‡πÄ‡∏™‡πâ‡∏ô‡∏´‡∏°‡∏µ‡πà‡πÑ‡∏Ç‡πà‡∏Ç‡∏≤‡∏ß 100g,,79.0,79.0,,‡∏û‡∏π‡∏ô‡∏™‡∏∏‡∏Ç,,shopee,https://shopee.co.th/find_similar_products?catid=100629&itemid=19779722633&shopid=155370754,,,19779722633,155370754
https://shopee.co.th/%E0%B9%80%E0%B8%AA%E0%B9%89%E0%B8%99%E0%B8%AB%E0%B8%A1%E0%B8%B5%E0%B9%88%E0%B9%84%E0%B8%82%E0%B9%88%E0%B8%82%E0%B8%B2%E0%B8%A7-%E0%B8%95%E0%B8%A3%E0%B8%B2%E0%B8%99%E0%B8%B4%E0%B9%88%E0%B8%A1%E0%B8%99%E0%B8%B4%E0%B9%88%E0%B8%A1-i.101868978.13428565391?sp_atk=6e208738-4ede-482c-b418-62941d0f43c0&xptdk=6e208738-4ede-482c-b418-62941d0f43c0,‡πÄ‡∏™‡πâ‡∏ô‡∏´‡∏°‡∏µ‡πà‡πÑ‡∏Ç‡πà‡∏Ç‡∏≤‡∏ß ‡∏ï‡∏£‡∏≤‡∏ô‡∏¥‡πà‡∏°‡∏ô‡∏¥‡πà‡∏°,‡πÄ‡∏™‡πâ‡∏ô‡∏´‡∏°‡∏µ‡πà‡πÑ‡∏Ç‡πà‡∏Ç‡∏≤‡∏ß,‡∏à‡∏±‡∏á‡∏´‡∏ß‡∏±‡∏î‡∏™‡∏á‡∏Ç‡∏•‡∏≤,,,,,,80.0,80.0,,SD FIT,,shopee,https://shopee.co.th/find_similar_products?catid=100629&itemid=13428565391&shopid=101868978,,,13428565391,101868978